Vial_ID,Cruise,Vessel,Haul,Sex,CW ,CH_CC,Crab_Wgt ,Hepato_WWT,Hepato_DWT,Process_Date
2019-1,201902,162,1,1,87.44,14.92,248.3,0.6304,0.1702,3/16/2021
2019-10,201901,162,193,1,91.84,13.01,219.2,1.3592,0.3829,3/17/2021
2019-11,201902,94,1,1,55.53,7.92,67.8,1.1139,0.2632,3/18/2021
2019-13,201902,162,1,1,85.09,15.04,230.6,1.0088,0.1771,3/18/2021
2019-14,201902,162,1,1,93.94,13.48,224.8,0.9917,0.2046,3/19/2021
2019-147,201902,162,46,1,59.43,8.34,71.8,1.1738,0.3271,5/7/2021
2019-148,201902,162,46,1,56.35,6.6,59.8,0.6835,0.1912,5/7/2021
2019-149,201902,162,46,1,54.5,7.13,62.9,0.6489,0.2011,5/11/2021
2019-15,201902,162,1,1,79.23,13.57,199.4,1.1415,0.2166,3/19/2021
2019-151,201902,162,46,1,56.1,7.16,63.6,0.5707,0.1708,5/11/2021
2019-154,201902,162,46,1,59.85,7.56,80.2,1.055,0.3942,5/11/2021
2019-158,201901,94,133,1,84.01,12.75,204.8,1.4572,0.1373,5/11/2021
2019-159,201901,94,133,1,78.61,11.71,168.2,1.4669,0.0811,5/11/2021
2019-16,201902,162,1,1,80.69,14.25,208.7,0.9922,0.2586,3/19/2021
2019-160,201901,94,133,1,84.69,11.99,211.7,1.4069,0.1135,5/11/2021
2019-161,201901,94,133,1,80.02,11.85,193.5,0.8798,0.1296,5/17/2021
2019-162,201901,94,133,1,83.66,12.29,188,0.5902,0.067,5/17/2021
2019-163,201902,162,1,1,78.37,11.96,182.9,0.7455,0.1372,5/17/2021
2019-164,201902,162,1,1,77.43,12.53,170.1,0.9133,0.1516,5/17/2021
2019-165,201902,162,1,1,84.43,12.49,223.4,1.0083,0.2145,5/17/2021
2019-166,201901,94,134,1,85.46,12.13,208.3,0.8845,0.068,5/17/2021
2019-167,201901,94,134,1,96.18,14.49,294.3,1.037,0.1994,5/17/2021
2019-168,201901,94,134,1,92.53,13.89,247.7,0.6161,0.0742,5/18/2021
2019-169,201901,94,134,1,85.29,13.28,198.8,0.79,0.127,5/18/2021
2019-170,201901,94,134,1,83.62,12.86,190.9,0.7841,0.1046,5/18/2021
2019-175,201901,94,126,1,80.59,11.05,176.1,0.8755,0.1737,5/18/2021
2019-176,201902,162,1,1,88.29,12.31,235.2,1.6996,0.2134,5/18/2021
2019-177,201902,162,20,1,56.47,7.24,69.1,1.0054,0.2723,5/19/2021
2019-178,201902,162,20,1,62.66,8.96,85.8,0.7301,0.193,5/19/2021
2019-179,201902,162,20,1,66.29,11.23,116.2,1.0169,0.2774,5/19/2021
2019-18,201901,94,159,1,81.02,12.73,181.2,0.9145,0.0666,3/19/2021
2019-187,201902,162,1,1,83.49,12.11,211,0.6746,0.148,5/19/2021
2019-188,201901,94,127,1,80.47,12.32,196.2,0.994,0.1952,5/19/2021
2019-189,201901,94,127,1,82.24,11.11,201.9,2.0646,0.1585,5/19/2021
2019-19,201901,94,159,1,82.32,13.07,209.8,0.9893,0.2721,3/19/2021
2019-190,201901,94,127,1,94.11,14.06,291.8,0.7763,0.144,5/19/2021
2019-191,201901,94,127,1,85.44,13.76,214.4,0.9807,0.2096,5/19/2021
2019-192,201901,94,127,1,83.95,12.91,213.2,0.6669,0.114,5/19/2021
2019-193,201901,94,120,1,84.88,12.43,216.9,0.5542,0.0715,5/21/2021
2019-194,201901,94,120,1,87.76,12.5,237.8,0.6742,0.1077,5/21/2021
2019-195,201901,94,120,1,93.1,14.07,297.4,0.9057,0.1388,5/21/2021
2019-196,201901,94,120,1,86.29,13.78,222,0.6779,0.11,5/21/2021
2019-197,201901,94,123,1,85.52,13.79,219,0.6689,0.092,5/21/2021
2019-198,201901,94,123,1,82.5,13.05,212.1,1.0211,0.1487,5/21/2021
2019-199,201901,94,123,1,85.05,12.63,167.5,0.7048,0.1111,5/21/2021
2019-2,201902,162,1,1,78.57,11.38,170.6,0.6854,0.1509,3/16/2021
2019-20,201901,94,159,1,82.18,12.92,202.3,0.9261,0.0909,3/19/2021
2019-200,201901,94,123,1,97.48,13.63,266.4,0.8224,0.1929,5/21/2021
2019-201,201901,94,123,1,91.61,13.85,271.6,1.1562,0.0723,5/21/2021
2019-202,201901,94,132,1,83.1,13.84,179.4,0.683,0.0845,5/24/2021
2019-203,201901,94,98,1,81.68,12.43,184.5,0.9734,0.1859,5/24/2021
2019-204,201901,94,98,1,84.5,13.54,214.7,0.6913,0.0996,5/24/2021
2019-205,201901,94,98,1,84.12,12.94,215.4,1.3343,0.2931,5/24/2021
2019-206,201901,94,98,1,92.71,14.74,279.4,1.3803,0.2051,5/24/2021
2019-207,201901,94,98,1,85.68,14.16,224.9,1.0687,0.4995,5/24/2021
2019-208,201901,94,121,1,87.46,13.24,277.6,0.8844,0.1111,5/24/2021
2019-209,201901,94,121,1,91.81,15.44,289.8,1.207,0.1523,5/24/2021
2019-21,201901,94,159,1,80.68,13.36,184.8,1.0241,0.1056,3/22/2021
2019-210,201901,94,121,1,84.23,12.94,217.8,1.0576,0.1359,5/24/2021
2019-211,201901,94,121,1,88.26,14,243.5,0.6743,0.1919,5/24/2021
2019-212,201901,94,121,1,90.62,13.83,267.7,2.1291,1.1981,5/24/2021
2019-213,201901,94,119,1,90.67,14.5,269.6,1.1619,0.2136,5/25/2021
2019-214,201901,94,119,1,84.33,11.97,180.6,1.1703,0.3014,5/25/2021
2019-215,201901,94,119,1,82.83,12.25,191.1,0.9109,0.2287,5/25/2021
2019-216,201901,94,119,1,84.02,11.85,197.7,1.0367,0.2309,5/25/2021
2019-217,201901,94,122,1,95.86,14.05,235.8,0.9353,0.2264,5/25/2021
2019-218,201901,94,122,1,90.82,14.98,264,1.5535,0.2224,5/25/2021
2019-219,201901,94,122,1,81.06,12.38,202.1,2.0193,0.1964,5/25/2021
2019-22,201901,94,159,1,86.37,13.97,230.1,1.59,0.1385,3/22/2021
2019-220,201901,94,122,1,79.86,12.48,185.4,1.9955,0.1902,5/25/2021
2019-221,201901,94,122,1,91.25,13.94,282,1.1216,0.1332,5/25/2021
2019-222,201901,94,97,1,85.82,12.84,194.8,1.3251,0.0621,6/1/2021
2019-223,201901,94,97,1,80.4,12.75,184,2.6589,0.1472,6/1/2021
2019-224,201901,94,97,1,89.42,13.99,252.6,0.8055,0.126,6/1/2021
2019-225,201901,94,97,1,82.47,12.43,149.7,0.8685,0.1604,6/1/2021
2019-226,201901,162,162,1,83.01,13.02,197.7,1.1621,0.1783,6/1/2021
2019-227,201901,162,60,1,92.4,12.98,325.8,1.8661,0.3858,6/1/2021
2019-228,201901,162,127,1,84.9,14.29,250.8,1.2561,0.2233,6/1/2021
2019-229,201901,162,114,1,84.81,13.2,218,1.9758,0.3006,6/1/2021
2019-23,201901,94,159,1,85.96,14.03,235.4,0.9444,0.089,3/22/2021
2019-230,201901,162,127,1,96.31,15.59,331.1,1.6127,0.312,6/1/2021
2019-231,201901,162,127,1,85.12,14.8,235.5,1.2713,0.1973,6/1/2021
2019-232,201901,162,127,1,87.07,13.04,250.7,1.9036,0.2107,6/1/2021
2019-24,201901,94,158,1,80.18,12.79,184.2,1.1797,0.1215,3/22/2021
2019-25,201902,94,1,1,70.77,10.17,126.9,1.0229,0.2416,3/22/2021
2019-26,201901,94,158,1,80.78,11.47,185.8,1.3577,0.1022,3/22/2021
2019-3,201902,162,1,1,75.87,11.99,151.8,0.7067,0.1746,3/16/2021
2019-4,201902,162,1,1,78.97,12.31,189.2,0.7634,0.1697,3/17/2021
2019-41,201902,94,1,1,75.41,11.19,175,0.8136,0.2258,3/26/2021
2019-42,201901,94,187,1,84.84,12.83,226.6,0.955,0.2365,3/26/2021
2019-43,201901,94,158,1,85.51,14.19,252.1,1.1595,0.1066,3/26/2021
2019-44,201901,94,158,1,80.65,13.34,203.7,0.9043,0.0744,3/26/2021
2019-45,201901,94,158,1,82.32,13.17,203.1,0.8229,0.0603,3/26/2021
2019-46,201901,94,158,1,89.55,14.24,234.2,1.1409,0.0846,3/26/2021
2019-47,201901,94,155,1,82.08,11.86,208.5,1.6886,0.164,3/26/2021
2019-5,201902,162,1,1,78.61,12.83,175.1,1.0278,0.2458,3/17/2021
2019-6,201901,162,193,1,80.11,13.21,NA,0.9814,0.2139,3/17/2021
2019-63,201901,94,158,1,83.08,12.47,215.5,2.1214,0.1237,3/30/2021
2019-64,201902,162,1,1,88.23,15.43,247.8,0.9601,0.2007,3/30/2021
2019-7,201901,162,193,1,83.34,13.34,NA,1.0267,0.2866,3/17/2021
2019-70,201901,162,180,1,65.21,NA,82.6,0.9008,0.145,4/12/2021
2019-8,201901,162,193,1,78.86,13.02,190.5,1.0815,0.2794,3/17/2021
2019-9,201901,162,193,1,87.42,14.75,NA,1.1223,0.2368,3/17/2021
2019-100,201902,162,42,2,46.14,0,33.1,0.6616,0.0956,4/26/2021
2019-101,201902,162,42,2,41.34,0,25.3,0.6655,0.0968,4/26/2021
2019-102,201902,162,42,2,42.58,0,22.8,0.4508,0.0974,4/26/2021
2019-103,201902,162,42,2,57.94,0,65,1.3231,0.2877,4/26/2021
2019-104,201902,162,42,2,48.8,0,35.1,0.9236,0.2553,4/26/2021
2019-105,201902,162,42,2,55.67,0,69.2,0.5605,0.0885,4/26/2021
2019-106,201902,162,42,2,50.81,0,46.4,0.7676,0.1425,4/26/2021
2019-107,201902,162,42,2,51.14,0,53.1,0.4744,0.1335,4/26/2021
2019-108,201902,162,42,2,51.55,0,49.4,0.527,0.0743,4/26/2021
2019-109,201902,162,42,2,49.67,0,46,1.0054,0.1958,4/26/2021
2019-110,201902,162,42,2,54.7,0,65.7,1.5483,0.2247,4/26/2021
2019-111,201902,162,42,2,51.82,0,49.8,0.5115,0.1097,4/26/2021
2019-112,201902,162,42,2,51.02,0,48.6,0.4361,0.1171,4/26/2021
2019-113,201902,162,19,2,54.18,0,59.1,0.5302,0.2137,4/27/2021
2019-114,201902,162,19,2,64.06,0,115.6,0.5842,0.1498,4/27/2021
2019-115,201902,162,19,2,67.22,0,112.9,1.2918,0.3646,4/27/2021
2019-116,201902,162,19,2,65.6,0,112.3,0.9736,0.2892,4/27/2021
2019-117,201902,162,19,2,62.09,0,102.5,1.0122,0.2453,4/27/2021
2019-118,201902,162,19,2,53.56,0,63.3,0.8905,0.2577,4/27/2021
2019-119,201902,162,19,2,56.68,0,73.6,1.3093,0.4049,4/27/2021
2019-12,201901,162,177,2,54.64,0,52.4,0.7629,0.1961,3/18/2021
2019-120,201902,162,49,2,59.58,0,82.8,0.7027,0.2106,4/27/2021
2019-121,201902,162,49,2,53.26,0,55.2,0.9669,0.3269,4/27/2021
2019-122,201902,162,49,2,53.51,0,56.8,1.0115,0.2582,4/27/2021
2019-123,201902,162,49,2,56.51,0,63,0.9762,0.2639,4/27/2021
2019-124,201902,162,49,2,56.63,0,67.8,0.8546,0.2349,4/27/2021
2019-125,201902,162,49,2,59.99,0,73.9,0.9546,0.2613,4/27/2021
2019-126,201902,162,49,2,55.59,0,61.4,0.835,0.1522,4/27/2021
2019-127,201902,162,18,2,50.97,0,56.1,0.4873,0.1529,4/29/2021
2019-128,201902,162,18,2,51.1,0,46.4,0.8719,0.2534,4/29/2021
2019-129,201902,162,18,2,60.58,0,90.2,0.8614,0.215,4/29/2021
2019-130,201902,162,33,2,54.18,0,67,0.3993,0.1535,4/29/2021
2019-131,201902,162,33,2,55.15,0,58.4,0.7923,0.3371,4/29/2021
2019-132,201902,162,33,2,49.98,0,44.2,0.7262,0.3108,4/29/2021
2019-133,201902,162,2,2,57.21,0,63.6,0.7668,0.1829,5/5/2021
2019-134,201902,162,2,2,55.51,0,57,0.8562,0.213,5/5/2021
2019-135,201902,162,2,2,56.16,0,58,0.7661,0.1977,5/5/2021
2019-136,201902,162,2,2,58.07,0,65.7,0.7012,0.2449,5/5/2021
2019-137,201902,162,2,2,59.29,0,64.9,1.0347,0.2058,5/5/2021
2019-138,201902,162,2,2,55.81,0,54.9,0.6845,0.174,5/5/2021
2019-139,201902,162,2,2,60.71,0,74.4,0.5842,0.1451,5/7/2021
2019-140,201902,162,2,2,57.33,0,60.5,0.9285,0.3194,5/7/2021
2019-141,201902,162,2,2,55.78,0,52.8,0.5308,0.171,5/7/2021
2019-142,201902,162,2,2,60.03,0,74.2,0.7351,0.2402,5/7/2021
2019-143,201902,162,2,2,57.71,0,61.4,0.9754,0.2233,5/7/2021
2019-144,201902,162,2,2,57.9,0,59.9,0.7927,0.2082,5/7/2021
2019-145,201902,162,2,2,59.34,0,57,1.0696,0.2555,5/7/2021
2019-146,201902,162,2,2,56.35,0,53.9,0.7523,0.2223,5/7/2021
2019-150,201902,162,46,2,54.37,0,52.6,0.5085,0.208,5/11/2021
2019-152,201902,162,46,2,50.24,0,42.9,0.575,0.1759,5/11/2021
2019-153,201902,162,46,2,57.46,0,59.3,0.6889,0.1607,5/11/2021
2019-155,201902,162,46,2,57.26,0,63.2,0.6496,0.1839,5/11/2021
2019-156,201902,162,46,2,54.65,0,52.7,0.7356,0.1844,5/11/2021
2019-157,201902,162,46,2,51.17,0,47.2,0.6304,0.148,5/11/2021
2019-17,201901,162,177,2,53.46,0,50.8,1.0287,0.2504,3/19/2021
2019-171,201901,94,126,2,52.34,0,47.6,0.8538,0.2245,5/18/2021
2019-172,201901,94,126,2,54.38,0,47.4,0.5434,0.1878,5/18/2021
2019-173,201901,94,126,2,57.96,0,61.9,1.0046,0.2697,5/18/2021
2019-174,201901,94,126,2,54.51,0,50.7,0.6936,0.2372,5/18/2021
2019-180,201902,162,20,2,56.27,0,55.1,0.6082,0.1836,5/19/2021
2019-181,201902,162,20,2,49.02,0,41.7,0.7711,0.2397,5/19/2021
2019-182,201902,162,20,2,49.5,0,41.8,0.5153,0.1877,5/19/2021
2019-183,201902,162,20,2,55.49,0,55,0.6205,0.2012,5/19/2021
2019-184,201902,162,20,2,57.94,0,69.9,0.8346,0.2963,5/19/2021
2019-185,201901,162,163,2,50.19,0,38.4,0.5894,0.0607,5/19/2021
2019-186,201902,162,1,2,58.03,0,49.2,0.8277,0.1922,5/19/2021
2019-27,201901,94,168,2,50.89,0,41.4,0.7042,0.2149,3/22/2021
2019-28,201901,94,166,2,53.78,0,45.7,0.9808,0.2337,3/22/2021
2019-29,201901,94,168,2,54.56,0,48.7,0.6917,0.2422,3/22/2021
2019-30,201901,94,171,2,64,0,84.3,0.6515,0.1625,3/22/2021
2019-31,201901,94,167,2,51.87,0,43.8,0.6212,0.1369,3/22/2021
2019-32,201901,94,171,2,52.59,0,47.7,0.6538,0.1213,3/22/2021
2019-33,201901,94,166,2,53.3,0,47.2,0.752,0.1208,3/24/2021
2019-34,201901,94,166,2,50.14,0,42.1,0.5384,0.0816,3/24/2021
2019-35,201901,94,167,2,53.3,0,49.4,0.5104,0.0869,3/24/2021
2019-36,201901,94,167,2,50.64,0,42.2,0.8331,0.0858,3/24/2021
2019-37,201901,94,167,2,50.51,0,41.4,0.5345,0.0917,3/24/2021
2019-38,201901,94,168,2,54.81,0,53.1,0.8248,0.2438,3/24/2021
2019-39,201901,94,168,2,52.41,0,46.9,1.1113,0.1653,3/24/2021
2019-40,201901,94,168,2,50.19,0,43.6,0.7065,0.1169,3/24/2021
2019-48,201902,94,1,2,47.83,0,37.5,0.5121,0.1211,3/26/2021
2019-49,201902,94,1,2,51.55,0,47.7,0.5915,0.1787,3/26/2021
2019-50,201902,94,1,2,51.45,0,43,0.6835,0.1733,3/26/2021
2019-51,201902,94,1,2,49.08,0,39.6,0.4733,0.1323,3/30/2021
2019-52,201902,94,1,2,48.59,0,38.4,0.5756,0.1024,3/30/2021
2019-53,201902,94,1,2,43.24,0,28,0.6297,0.2076,3/30/2021
2019-54,201902,94,1,2,49.9,0,39.3,0.5319,0.1521,3/30/2021
2019-55,201902,94,1,2,48.16,0,38.9,0.5616,0.2141,3/30/2021
2019-56,201902,94,1,2,50.22,0,40.1,0.6405,0.13,3/30/2021
2019-57,201902,94,1,2,52.24,0,44.8,0.5479,0.1462,3/30/2021
2019-58,201902,94,1,2,42.88,0,24.8,0.5981,0.1333,3/30/2021
2019-59,201902,94,1,2,51.3,0,45.1,0.5809,0.1474,3/30/2021
2019-60,201902,94,1,2,56.04,0,56.1,0.784,0.2323,3/30/2021
2019-61,201902,94,1,2,51.76,0,44.5,0.5409,0.1504,3/30/2021
2019-62,201902,162,1,2,53.71,0,47.3,0.5562,0.1544,3/30/2021
2019-65,201901,162,178,2,74.64,0,135.1,0.9321,0.3187,4/12/2021
2019-66,201901,162,178,2,78.67,0,145.7,0.9085,0.1495,4/12/2021
2019-67,201901,162,178,2,78.89,0,141.2,1.6331,0.3145,4/12/2021
2019-68,201901,162,178,2,75.07,0,127.1,0.7911,0.2033,4/12/2021
2019-69,201902,162,1,2,53.76,0,49.4,0.8057,0.2021,4/12/2021
2019-71,201901,162,180,2,72.8,0,114.7,0.8023,0.243,4/12/2021
2019-72,201902,162,1,2,56.01,0,55.1,0.656,0.1419,4/12/2021
2019-73,201902,162,1,2,54.33,0,49.3,0.5676,0.1383,4/16/2021
2019-74,201902,162,1,2,57.59,0,51.8,0.6704,0.202,4/16/2021
2019-75,201902,162,17,2,44.07,0,30.5,0.5572,0.1546,4/16/2021
2019-76,201902,162,17,2,43.64,0,26.2,0.5437,0.1287,4/16/2021
2019-77,201902,162,17,2,43.2,0,24,0.641,0.1609,4/16/2021
2019-78,201902,162,19,2,57.31,0,63.6,0.7926,0.2051,4/19/2021
2019-79,201902,162,19,2,47.46,0,36.8,0.5494,0.1936,4/19/2021
2019-80,201902,162,19,2,57.93,0,67.8,0.5286,0.197,4/19/2021
2019-81,201902,162,19,2,46.03,0,33.6,0.4592,0.0888,4/19/2021
2019-82,201902,162,19,2,44.15,0,27.6,0.4421,0.191,4/19/2021
2019-83,201902,162,19,2,48.28,0,37.1,0.6682,0.1779,4/19/2021
2019-84,201902,162,19,2,40.82,0,22.9,0.8721,0.133,4/19/2021
2019-85,201902,162,19,2,45.46,0,31.1,0.6836,0.1618,4/20/2021
2019-86,201902,162,19,2,38.37,0,21.9,0.4464,0.0949,4/20/2021
2019-87,201902,162,19,2,47.75,0,35.3,0.7684,0.2007,4/20/2021
2019-88,201902,162,19,2,45.15,0,30.1,0.7718,0.2152,4/20/2021
2019-89,201902,162,19,2,41.52,0,23.8,0.4827,0.1461,4/20/2021
2019-90,201902,162,42,2,44.92,0,29.4,0.6171,0.1303,4/20/2021
2019-91,201902,162,42,2,39.11,0,20.7,0.5651,0.1339,4/20/2021
2019-92,201902,162,42,2,46.98,0,33.7,0.6216,0.0749,4/20/2021
2019-93,201902,162,42,2,48.55,0,37.6,0.9526,0.1584,4/20/2021
2019-94,201902,162,42,2,45.03,0,27.8,1.1962,0.1239,4/20/2021
2019-95,201902,162,42,2,43.22,0,30.4,0.6477,0.0773,4/20/2021
2019-96,201902,162,42,2,50.09,0,40.6,0.6292,0.1023,4/20/2021
2019-97,201901,162,163,2,54.86,0,NA,0.893,0.0795,4/26/2021
2019-98,201902,162,42,2,41.65,0,25,0.9324,0.2098,4/26/2021
2019-99,201902,162,42,2,48.34,0,37.2,0.819,0.1211,4/26/2021
2021-AKK-1,202101,162,100,1,96.68,18.45,357,0.2963,0.1243,
2021-AKK-2,202101,162,106,1,89.77,15.22,277,0.2596,0.0832,
2021-AKK-3,202101,162,110,1,102.55,17.95,354,0.3604,0.0951,
2021-AKK-4,202101,162,112,1,92.16,17.05,320,0.3442,0.0804,
2021-AKK-6,202101,162,124,1,95.03,18.2,340,0.3624,0.1254,
2021-AKK-5,202101,162,112,1,95.73,16.75,324,0.3883,0.1069,
2021-AKK-7,202101,162,125,1,88.87,15.44,280,0.2446,0.0657,
2021-AKK-8,202101,162,137,1,76.87,13.44,140,0.327,0.0929,
2021-AKK-9,202101,162,140,1,77.04,12.91,164,0.3781,0.0959,
2021-AKK-10,202101,162,142,1,77.29,12.8,184,0.2535,0.0505,
2021-AKK-11,202101,162,142,1,81.18,14.07,211,0.3258,0.1226,
2021-AKK-12,202101,162,142,1,85.75,16.97,255,0.3044,0.0674,
2021-AKK-13,202101,162,141,1,78.89,13.77,194,0.3279,0.0762,
2021-AKK-14,202101,162,140,1,84.14,14.66,206,0.2316,0.0637,
2021-AKK-15,202101,162,143,1,76.53,13.8,155,0.3281,0.0973,
2021-AKK-16,202101,162,143,1,83.03,15.52,219,0.394,0.1938,
2021-AKK-17,202101,162,143,1,79.92,12.58,157,0.2889,0.1063,
2021-AKK-18,202101,162,153,1,94.51,17.76,345,0.3927,0.1212,
2021-AKK-19,202101,162,179,1,72.57,10.3,115,0.2914,0.1232,
2021-AKK-20,202101,162,184,1,90.8,17.6,284,0.3518,0.1537,
2021-AKK-21,202101,162,184,1,97.26,20.1,342,0.3249,0.1458,
2021-AKK-22,202101,162,184,1,100.07,19.62,401,0.369,0.1843,
2021-AKK-23,202101,162,185,1,92.37,18.93,317,0.3225,0.1263,
2021-AKK-24,202101,162,185,1,86.61,16.12,262,0.4002,0.1918,
2021-AKK-25,202101,162,185,1,88.56,18.78,272,0.3574,0.145,
2021-AKK-26,202102,162,2,2,57.41,0,58,0.3025,0.0956,
2021-AKK-27,202102,162,2,2,57.59,0,60,0.2567,0.0658,
2021-AKK-28,202102,162,2,2,55.27,0,56,0.3627,0.131,
2021-AKK-29,202102,162,4,2,53.86,0,47,0.2226,0.0686,
2021-AKK-30,202102,162,4,2,55.57,0,51,0.9023,0.3067,
2021-AKK-31,202102,162,4,2,52.81,0,48,0.2256,0.0786,
2021-AKK-32,202102,162,12,1,58,10.42,63,0.3566,0.1278,
2021-AKK-33,202102,162,12,1,49.62,6.94,30,0.3823,0.1293,
2021-AKK-34,202102,162,12,2,42.14,0,10,0.3769,0.1253,
2021-AKK-35,202102,162,12,2,53.59,0,37,0.3109,0.1082,
2021-AKK-36,202102,162,12,1,55.28,8.89,39,0.3526,0.0874,
2021-AKK-37,202102,162,12,1,52.75,8.33,34,0.3769,0.1185,
2021-AKK-38,202102,162,12,2,49.43,0,26,0.3496,0.1145,
2021-AKK-39,202102,162,12,2,50.28,0,22,0.265,0.0713,
2021-AKK-40,202102,162,12,2,51.45,0,25,0.3566,0.1275,
2021-AKK-41,202102,162,13,1,63.74,10.75,98,0.3087,0.103,
2021-AKK-42,202102,162,13,2,56.99,0,47,0.3463,0.1172,
2021-AKK-43,202102,162,13,1,51.12,8.22,54,0.3475,0.1168,
2021-AKK-44,202102,162,13,2,46.88,0,38,0.3126,0.1247,
2021-AKK-45,202102,162,13,1,51.48,8.55,53,0.3592,0.1125,
2021-AKK-46,202102,162,13,2,44.63,0,30,0.2393,0.0828,
2021-AKK-47,202102,162,13,1,51.83,8.9,51,0.3342,0.1126,
2021-AKK-48,202102,162,13,2,44.64,0,32,0.3214,0.123,
2021-AKK-49,202102,162,14,2,53.16,0,50,0.392,0.1547,
2021-AKK-50,202102,162,14,1,53.18,8.12,54,0.3827,0.1386,
2021-AKK-51,202102,162,14,2,46.82,0,34,0.2196,0.0785,
2021-AKK-52,202102,162,14,1,51.07,7.22,49,0.3187,0.0945,
2021-AKK-53,202102,162,15,2,51.47,0,40,0.2394,0.0737,
2021-AKK-54,202102,162,14,2,45.67,0,31,0.3183,0.1455,
2021-AKK-55,202102,162,14,1,54.6,8.98,61,0.443,0.1561,
2021-AKK-56,202102,162,14,2,51.14,0,43,0.3578,0.1183,
2021-AKK-57,202102,162,14,1,54.3,7.24,53,0.3228,0.1171,
2021-AKK-58,202102,162,14,2,50.24,0,41,0.373,0.1281,
2021-AKK-59,202102,162,14,2,46.48,0,32,0.2553,0.0836,
2021-AKK-60,202102,162,14,2,50.42,0,40,0.2448,0.1039,
2021-AKK-61,202102,162,15,2,47.37,0,35,0.3599,0.1492,
2021-AKK-62,202102,162,15,2,44.46,0,29,0.23,0.0976,
2021-AKK-63,202102,162,15,1,51.53,8.53,51,0.3401,0.107,
2021-AKK-64,202102,162,15,1,50.74,7.63,45,0.4201,0.137,
2021-AKK-65,202102,162,15,2,44.15,0,28,0.3747,0.1638,
2021-AKK-66,202102,162,15,1,52.62,8.32,52,0.3427,0.1085,
2021-AKK-67,202102,162,15,2,46.18,0,33,0.3373,0.1152,
2021-AKK-68,202102,162,15,2,41.08,0,41,0.3638,0.1142,
2021-AKK-69,202102,162,15,2,46.23,0,32,0.3318,0.1001,
2021-AKK-70,202102,162,15,2,45.43,0,33,0.3204,0.0592,
2021-AKK-71,202102,162,18,2,48.39,0,37,0.355,0.1012,
2021-AKK-72,202102,162,18,1,55.12,9.36,55,0.4163,0.1216,
2021-AKK-73,202102,162,18,2,47.03,0,30,0.3355,0.0761,
2021-AKK-74,202102,162,18,1,52.13,8.83,41,0.3088,0.0585,
2021-AKK-75,202102,162,18,2,47.44,0,36,0.344,0.0955,
2021-AKK-76,202102,162,18,2,53.99,0,53,0.3618,0.0993,
2021-AKK-77,202102,162,18,2,48.05,0,35,0.3084,0.0932,
2021-AKK-78,202102,162,18,2,48.75,0,39,0.3387,0.0659,
2021-AKK-79,202102,162,18,2,45.06,0,32,0.3258,0.094,
2021-AKK-80,202102,162,22,2,51.59,0,31,0.3244,0.07,
2021-AKK-81,202102,162,22,1,53.09,8.19,54,0.2944,0.0708,
2021-AKK-82,202102,162,22,1,50.56,9.29,43,0.3643,0.0604,
2021-AKK-83,202102,162,22,1,50.93,9.04,52,0.226,0.0543,
2021-AKK-84,202102,162,22,2,46.61,0,33,0.3336,0.0714,
2021-AKK-85,202102,162,22,2,50.49,0,47,0.3603,0.0803,
2021-AKK-86,202102,162,22,2,51.61,0,48,0.3494,0.0816,
2021-AKK-87,202102,162,22,2,46.69,0,32,0.3487,0.0966,
2021-AKK-88,202102,162,22,2,50.18,0,39,0.3613,0.0767,
2021-AKK-89,202102,162,26,2,56.93,0,58,0.3604,0.1046,
2021-AKK-90,202102,162,26,2,55.87,0,59,0.3562,0.0848,
2021-AKK-91,202102,162,26,1,57.44,9.54,66,0.2361,0.0574,
2021-AKK-92,202102,162,26,1,51.94,8.39,49,0.2976,0.0553,
2021-AKK-93,202102,162,26,2,50.36,0,44,0.3732,0.0952,
2021-AKK-94,202102,162,26,2,49.83,0,40,0.3409,0.0889,
2021-AKK-95,202102,162,26,2,46.86,0,35,0.233,0.0547,
2021-AKK-96,202102,162,26,2,44.55,0,34,0.3382,0.0829,
2021-AKK-97,202102,162,27,2,49.06,0,37,0.3847,0.0976,
2021-AKK-98,202102,162,27,2,54.3,0,47,0.2346,0.0452,
2021-AKK-99,202102,162,27,2,55.07,0,51,0.2924,0.0767,
2021-AKK-100,202102,162,27,2,53.1,0,48,0.3712,0.1203,
2021-AKK-101,202102,162,27,1,53.24,9.65,58,0.5619,0.1521,
2021-AKK-102,202102,162,27,2,46.72,0,32,0.3315,0.0969,
2021-AKK-103,202102,162,27,2,48.77,0,40,0.1609,0.0404,
2021-AKK-104,202102,162,27,2,51.27,0,44,0.2609,0.0671,
2021-AKK-105,202102,162,27,2,43.52,0,29,0.3464,0.0917,
2021-AKK-106,202102,162,28,1,51.34,7.33,50,0.2701,0.115,
2021-AKK-107,202102,162,28,1,52.68,7.68,44,0.4736,0.188,
2021-AKK-108,202102,162,28,2,49.91,0,42,0.2917,0.1029,
2021-AKK-109,202102,162,28,2,46.67,0,33,0.16,0.0618,
2021-AKK-110,202102,162,28,2,47.34,0,35,0.6405,0.2364,
2021-AKK-111,202102,162,28,2,52.97,0,45,0.253,0.0992,
2021-AKK-112,202102,162,28,2,46.29,0,28,0.3211,0.1394,
2021-AKK-113,202102,162,28,2,46.96,0,34,0.3114,0.0665,
2021-AKK-114,202102,162,28,2,48.03,0,37,0.4163,0.1486,
2021-AKK-115,202102,162,29,2,54.73,0,48,0.2261,0.0762,
2021-AKK-116,202102,162,29,2,57.04,0,55,0.4027,0.1352,
2021-AKK-117,202102,162,29,2,53.57,0,44,0.4747,0.1841,
2021-AKK-118,202102,162,29,1,59.35,9.82,70,0.5296,0.1738,
2021-AKK-119,202102,162,29,1,50.79,7.9,49,0.28,0.1029,
2021-AKK-120,202102,162,29,2,60.6,0,68,0.3998,0.1318,
2021-AKK-121,202102,162,29,2,57.34,0,55,0.4469,0.1443,
2021-AKK-122,202102,162,29,2,53.65,0,49,0.2388,0.0883,
2021-AKK-123,202102,162,29,2,50.47,0,41,0.1991,0.061,
2021-AKK-124,202102,162,29,2,50.42,0,40,0.2381,0.0721,
2021-AKK-125,202102,162,29,2,49.69,0,37,0.4972,0.1734,
2021-AKK-126,202102,162,29,2,51.79,0,44,0.2087,0.0612,
2021-AKK-127,202102,162,29,2,46.09,0,31,0.246,0.0723,
2021-AKK-128,202102,162,33,2,51.19,0,49,0.3188,0.1182,
2021-AKK-129,202102,162,33,1,58.62,9.91,73,0.2416,0.0764,
2021-AKK-130,202102,162,33,1,58.55,9.64,76,0.3156,0.1095,
2021-AKK-131,202102,162,33,1,52.75,8.6,60,0.4841,0.1505,
2021-AKK-132,202102,162,33,1,55.79,9.49,67,0.2719,0.0916,
2021-AKK-133,202102,162,33,1,58.73,9.44,74,0.3365,0.1006,
2021-AKK-134,202102,162,33,1,56.56,8.92,69,0.3518,0.1115,
2021-AKK-135,202102,162,33,1,55.95,9.39,68,0.1495,0.0462,
2021-AKK-136,202102,162,33,1,58.66,8.39,74,0.3854,0.1387,
2021-AKK-137,202102,162,33,1,67.03,11.6,116,0.3206,0.1087,
2021-AKK-138,202102,162,33,2,54.26,0,54,0.3016,0.1023,
2021-AKK-139,202102,162,33,2,54.08,0,56,0.1026,0.0323,
2021-AKK-140,202102,162,33,2,51.93,0,44,0.1648,0.0547,
2021-VA-1,202101,94,104,1,73.57,14.42,164,0.313,0.0736,
2021-VA-2,202101,94,104,1,80.83,16.55,200,0.3421,0.0835,
2021-VA-3,202101,94,105,1,84.45,13.96,212,0.3592,0.0853,
2021-VA-4,202101,94,105,1,87.83,16.69,238,0.3229,0.0782,
2021-VA-5,202101,94,107,1,93.36,18.15,288,0.3763,0.132,
2021-VA-6,202101,94,104,1,83.35,15.93,196,0.3024,0.0845,
2021-VA-7,202101,94,105,1,91.8,17.38,280,0.3198,0.0854,
2021-VA-8,202101,94,105,1,84.61,16.26,224,0.3391,0.0977,
2021-VA-9,202101,94,128,1,85.79,15.29,226,0.3394,0.1021,
2021-VA-10,202101,94,104,1,78.88,15.53,188,0.3471,0.0632,
2021-VA-11,202101,94,106,1,91.8,18,294,0.3709,0.0954,
2021-VA-12,202101,94,106,1,91.84,17.74,294,0.3177,0.0874,
2021-VA-13,202101,94,103,1,73.35,13.76,146,0.3216,0.0918,
2021-VA-14,202101,94,107,1,92.74,16.5,266,0.6096,0.1727,
2021-VA-15,202101,94,105,1,87.73,17.03,246,0.3468,0.0938,
2021-VA-16,202101,94,106,1,95.31,17.71,304,0.3256,0.0758,
2021-VA-17,202101,94,128,1,88.47,14.77,240,0.3352,0.1103,
2021-VA-18,202101,94,107,1,94.32,18.32,270,0.2981,0.0965,
2021-VA-19,202101,94,128,1,88.85,17.43,258,0.3126,0.1076,
2021-VA-20,202101,94,103,1,72.15,12.9,134,0.3177,0.0928,
2021-VA-21,202101,94,106,1,90.17,17.64,270,0.3175,0.0761,
2021-VA-22,202101,94,128,1,86.6,16.53,240,0.3107,0.1031,
2021-VA-23,202101,94,105,1,88.71,16.85,248,0.3207,0.0898,
2021-VA-24,202101,94,107,1,93.29,17.1,NA,0.3308,0.0975,
2021-VA-25,202101,94,106,1,80.61,15.91,200,0.3315,0.0947,
2021-VA-26,202101,94,107,1,94.23,19.12,318,0.1519,0.0455,
2021-VA-27,202101,94,107,1,91.12,18.11,NA,0.3485,0.1121,
2021-VA-28,202101,94,113,1,86.41,15.7,220,0.3406,0.1465,
2021-VA-29,202101,94,106,1,91.6,17.72,284,0.3448,0.0859,
2021-VA-30,202101,94,104,1,86.27,15.7,206,0.3154,0.0739,
2021-VA-31,202101,94,42,1,89.65,15.65,270,0.3161,0.0659,
2021-VA-32,202101,94,137,1,93.86,16.29,NA,0.3066,0.0729,
2021-VA-33,202101,94,129,1,83.67,17.06,236,0.3166,0.1074,
2021-VA-34,202101,94,129,1,86.17,16.5,214,0.3256,0.1165,
2021-VA-35,202101,94,136,1,84.31,15.32,NA,0.3097,0.0773,
2021-VA-36,202101,94,128,1,85.02,16.03,238,0.2986,0.0933,
2021-VA-37,202101,94,150,1,87.9,15.27,248,0.3821,0.137,
2021-VA-38,202101,94,134,1,88.7,17.99,266,0.4644,0.1218,
2021-VA-39,202101,94,142,1,89.76,16.4,276,0.4337,0.0938,
2021-VA-40,202101,94,136,1,78.81,14.72,NA,0.3247,0.093,
2021-VA-41,202101,94,137,1,70.37,13.38,144,0.3434,0.0635,
2021-VA-42,202101,94,134,1,87.42,16.62,232,0.3132,0.0737,
2021-VA-43,202101,94,129,1,81.27,15.67,206,0.3232,0.1106,
2021-VA-44,202101,94,142,1,93.03,17.04,286,0.315,0.0734,
2021-VA-45,202101,94,142,1,87.4,15.79,262,0.307,0.0689,
2021-VA-46,202101,94,128,1,86.96,15.03,238,0.325,0.0944,
2021-VA-47,202101,94,129,1,82.07,16.3,206,0.3572,0.107,
2021-VA-48,202101,94,142,1,88.1,16.61,264,0.3135,0.0659,
2021-VA-49,202101,94,142,1,92.21,18.07,292,0.6137,0.1331,
2021-VA-50,202101,94,134,1,90.79,16.76,250,0.3106,0.0816,
2021-VA-51,202101,94,134,1,88.37,15.95,228,0.3161,0.0765,
2021-VA-52,202101,94,132,1,82.81,14.45,NA,0.3047,0.0924,
2021-VA-53,202101,94,134,1,90.04,17.33,258,0.3293,0.0866,
2021-VA-54,202101,94,134,1,88.46,16.53,242,0.3961,0.0913,
2021-VA-55,202101,94,132,1,85.5,15.44,NA,0.3342,0.1081,
2021-VA-56,202101,94,129,1,86.1,16.52,242,0.3192,0.1002,
2021-VA-57,202101,94,132,1,81.6,14.66,198,0.3348,0.1169,
2021-VA-58,202101,94,138,1,89.9,16.71,NA,0.308,0.0609,
2021-VA-59,202101,94,132,1,85.27,14.66,NA,0.3338,0.107,
2021-VA-60,202101,94,129,1,88.17,17.31,252,0.3325,0.101,
2021-VA-61,202101,94,165,1,95.84,17.7,NA,0.3344,0.1133,
2021-VA-62,202101,94,174,1,76.9,14.61,184,0.3428,0.1536,
2021-VA-63,202101,94,174,1,94.07,18.2,286,0.3226,0.1085,
2021-VA-64,202101,94,167,2,58.17,0,62,0.4553,0.0923,
2021-VA-65,202101,94,172,1,80.97,15.04,216,0.3321,0.0699,
2021-VA-66,202101,94,174,1,91.41,16.21,262,0.3013,0.0923,
2021-VA-67,202101,94,173,1,87.1,16.7,244,0.3173,0.0917,
2021-VA-68,202101,94,151,1,90.42,17.36,NA,0.4018,0.1666,
2021-VA-69,202101,94,173,1,88.44,16.01,228,0.3081,0.1059,
2021-VA-70,202101,94,151,1,82.59,15.09,218,0.3182,0.1455,
2021-VA-71,202101,94,151,1,92.65,17.76,NA,0.4269,0.1574,
2021-VA-72,202101,94,173,1,88.1,15.11,248,0.3653,0.0813,
2021-VA-73,202101,94,150,1,88.57,16.62,264,0.3374,0.1483,
2021-VA-74,202101,94,176,1,86.91,16.81,NA,0.39,0.1915,
2021-VA-75,202101,94,174,1,88.57,17.21,NA,0.3302,0.1075,
2021-VA-76,202101,94,151,1,84.43,14.19,NA,0.3592,0.1469,
2021-VA-77,202101,94,175,1,88.19,17.38,272,0.3324,0.0777,
2021-VA-78,202101,94,150,1,82.17,15.3,NA,0.3338,0.1519,
2021-VA-79,202101,94,173,1,85.24,16.81,256,0.3229,0.0848,
2021-VA-80,202101,94,173,1,95.27,17.11,288,0.3534,0.1063,
2021-VA-81,202101,94,151,1,93.23,16.84,NA,0.3314,0.1285,
2021-VA-82,202101,94,153,1,91.89,NA,336,0.3115,0.1141,
2021-VA-83,202101,94,171,1,82.86,14.37,NA,0.3548,0.1631,
2021-VA-84,202101,94,150,1,88.2,16,262,0.3618,0.1701,
2021-VA-85,202101,94,150,1,96.1,19.31,NA,0.451,0.21,
2021-VA-86,202101,94,173,1,94.41,17.11,302,0.3228,0.0959,
2021-VA-87,202101,94,171,1,83.53,15.69,228,0.3709,0.1692,
2021-VA-88,202101,94,150,1,90.11,17.72,270,0.2452,0.1175,
2021-VA-89,202101,94,153,1,92.21,NA,284,0.2657,0.1092,
2021-VA-90,202101,94,175,1,93.37,17.21,306,0.3059,0.0772,
2021-VA-91,202101,94,188,1,92.83,16.83,NA,0.3409,0.1576,
2021-VA-92,202101,94,186,1,78.6,15.11,204,0.3191,0.155,
2021-VA-93,202101,94,176,1,82.22,17.61,264,0.4036,0.201,
2021-VA-94,202101,94,177,1,89.92,17,282,0.3921,0.2008,
2021-VA-95,202101,94,176,1,81.11,15.3,200,0.3631,0.1609,
2021-VA-96,202101,94,176,1,75.9,13.51,166,0.3262,0.1429,
2021-VA-97,202101,94,177,1,83.86,15.96,NA,0.3337,0.158,
2021-VA-98,202101,94,189,1,93.11,16.4,280,0.3874,0.1112,
2021-VA-99,202101,94,186,1,91.37,17.9,308,0.3195,0.137,
2021-VA-100,202101,94,189,1,81.47,14.71,198,0.3013,0.0957,
2021-VA-101,202101,94,191,1,86.61,16.78,208,0.3379,0.1005,
2021-VA-102,202101,94,189,1,92.31,17.6,276,0.3199,0.1036,
2021-VA-103,202101,94,191,1,90.77,18.45,302,0.3526,0.1085,
2021-VA-104,202101,94,190,1,87.91,15.98,NA,0.3207,0.0838,
2021-VA-105,202101,94,187,1,91.25,17.83,NA,0.3431,0.1662,
2021-VA-106,202101,94,188,1,86.66,16.5,NA,0.3077,0.1511,
2021-VA-107,202101,94,187,1,81.06,15.14,216,0.449,0.2016,
2021-VA-108,202101,94,176,1,85.87,18.34,294,0.3819,0.1929,
2021-VA-109,202101,94,190,1,80.31,13.91,190,0.3291,0.0851,
2021-VA-110,202101,94,189,1,82.01,15.97,202,0.322,0.1045,
2021-VA-111,202101,94,190,1,94.01,16.45,NA,0.3635,0.1059,
2021-VA-112,202101,94,189,1,93.18,18.11,298,0.301,0.1106,
2021-VA-113,202101,94,191,1,94.88,17.64,320,0.4638,0.134,
2021-VA-114,202101,94,177,1,94.06,17.01,NA,0.3198,0.1583,
2021-VA-115,202101,94,189,1,90.57,17.67,278,0.327,0.0954,
2021-VA-116,202101,94,187,1,70.75,12.94,138,0.3835,0.167,
2021-VA-117,202101,94,190,1,86.54,16.34,NA,0.3614,0.1054,
2021-VA-118,202101,94,190,1,92.79,15.82,NA,0.3534,0.1145,
2021-VA-119,202101,94,190,1,89.61,17.97,300,0.3643,0.0975,
2021-VA-120,202101,94,176,1,92.31,13,290,0.3282,0.1395,
2021-VA-121,202101,94,192,1,88.64,15.22,256,0.3135,0.0745,
2021-VA-122,202101,94,193,2,51.91,0,52,0.3085,0.0999,
2021-VA-123,202101,94,193,2,56.09,0,58,0.345,0.1158,
2021-VA-124,202101,94,193,2,53.58,0,48,0.3188,0.1041,
2021-VA-125,202101,94,193,2,52.48,0,48,0.3101,0.1183,
2021-VA-126,202101,94,193,2,49.59,0,44,0.3548,0.109,
2021-VA-127,202101,94,193,2,51.43,0,48,0.3226,0.1363,
2021-VA-128,202101,94,193,2,49.26,0,44,0.332,0.0959,
2021-VA-129,202101,94,192,1,88.35,15.62,234,0.3495,0.087,
2021-VA-130,202101,94,193,2,46.84,0,36,0.3208,0.095,
2021-VA-131,202101,94,191,1,91.95,17.73,274,0.2023,0.0597,
2021-VA-132,202101,94,191,1,92.47,16.56,248,0.3189,0.081,
2021-VA-133,202101,94,193,2,51.79,0,44,0.3207,0.1258,
2021-VA-134,202101,94,193,2,55.44,0,62,0.3405,0.1275,
2021-VA-135,202101,94,192,1,92.23,16.69,NA,0.3432,0.0977,
2021-VA-136,202101,94,193,2,46.17,0,36,0.3048,0.1238,
2021-VA-137,202101,94,192,1,90.81,16.75,NA,0.3079,0.0937,
2021-VA-138,202101,94,193,2,55.61,0,56,0.3342,0.1064,
2021-VA-139,202101,94,191,1,90.34,17.14,288,0.3762,0.1134,
2021-VA-140,202101,94,192,1,82.23,12.79,194,0.3357,0.0893,
2021-VA-141,202101,94,194,2,47.3,0,38,0.3083,0.1127,
2021-VA-142,202101,94,195,2,44.36,0,30,0.3082,0.1041,
2021-VA-143,202102,94,1,1,52.4,9.51,NA,0.308,0.0993,
2021-VA-144,202101,94,195,2,46.55,0,34,0.1933,0.036,
2021-VA-145,202102,94,1,2,46.21,0,32,0.1305,0.0539,
2021-VA-146,202102,94,1,2,47.69,0,34,0.3198,0.1136,
2021-VA-147,202102,94,1,2,43.21,0,28,0.3198,0.1089,
2021-VA-148,202102,94,1,1,62.4,11.21,90,0.3186,0.1135,
2021-VA-149,202102,94,1,1,55.49,10.01,NA,0.3116,0.0929,
2021-VA-150,202102,94,1,2,43.45,0,28,0.3031,0.1171,
2021-VA-151,202102,94,1,1,56.11,10,NA,0.3432,0.0778,
2021-VA-152,202101,94,193,2,53.19,0,50,0.305,0.1231,
2021-VA-153,202102,94,1,1,52.21,8.61,54,0.3488,0.1349,
2021-VA-154,202101,94,193,2,52.27,0,44,0.3225,0.1114,
2021-VA-155,202102,94,1,1,51.24,8.71,NA,0.2786,0.0767,
2021-VA-156,202102,94,1,2,52.05,0,NA,0.3315,0.116,
2021-VA-157,202101,94,193,2,52.52,0,52,0.1773,0.0814,
2021-VA-158,202101,94,193,2,52.93,0,50,0.3456,0.1579,
2021-VA-159,202101,94,194,2,46.89,0,32,0.3457,0.1144,
2021-VA-160,202101,94,194,2,47.07,0,NA,0.3461,0.105,
2021-VA-161,202102,94,1,2,41.99,0,34,0.3036,0.1044,
2021-VA-162,202102,94,1,2,43.14,0,32,0.313,0.1301,
2021-VA-163,202102,94,1,2,44.07,0,26,0.1579,0.0604,
2021-VA-164,202102,94,1,2,44.04,0,26,0.3192,0.099,
2021-VA-165,202102,94,1,2,44.05,0,28,0.1736,0.0611,
2021-VA-166,202102,94,6,2,56.45,0,60,0.3109,0.1005,
2021-VA-167,202102,94,6,1,77.04,16.63,NA,0.3114,0.0862,
2021-VA-168,202102,94,6,2,54.11,0,56,0.3387,0.1012,
2021-VA-169,202102,94,6,1,78.37,14.81,NA,0.3114,0.0792,
2021-VA-170,202102,94,6,1,73.21,12.93,124,0.322,0.0866,
2021-VA-171,202102,94,6,1,87.59,16.7,242,0.3129,0.1004,
2021-VA-172,202102,94,6,2,60.03,0,70,0.3041,0.0863,
2021-VA-173,202102,94,6,1,78.76,15.21,180,0.3161,0.0912,
2021-VA-174,202102,94,6,1,76.33,14.43,152,0.3347,0.0943,
2021-VA-175,202102,94,6,1,70.87,13.44,NA,0.3158,0.0698,
2021-VA-176,202102,94,5,2,54.31,0,52,0.3005,0.0975,
2021-VA-177,202102,94,5,1,52.44,8.09,50,0.3579,0.0832,
2021-VA-178,202102,94,6,1,75.18,14.37,NA,0.485,0.1365,
2021-VA-179,202102,94,5,1,55.68,9.21,NA,0.3315,0.1074,
2021-VA-180,202102,94,5,1,51.87,8.85,NA,0.3044,0.0786,
2021-VA-181,202102,94,5,2,55.21,0,52,0.3137,0.1045,
2021-VA-182,202102,94,5,1,52.65,8.9,54,0.3116,0.0869,
2021-VA-183,202102,94,5,2,52.47,0,48,0.3179,0.0848,
2021-VA-184,202102,94,5,2,55.83,0,56,0.3203,0.1202,
2021-VA-185,202102,94,5,2,50.23,0,42,0.2977,0.0953,
2021-VA-186,202102,94,23,2,43.71,0,28,0.1625,0.0488,
2021-VA-187,202102,94,6,2,58.3,0,66,0.2992,0.0975,
2021-VA-188,202102,94,5,1,57.64,9.7,NA,0.3308,0.0875,
2021-VA-189,202102,94,5,2,50.35,0,42,0.3097,0.09,
2021-VA-190,202102,94,6,1,83.74,16.19,228,0.3139,0.0858,
2021-VA-191,202102,94,27,2,49.56,0,36,0.2374,0.0807,
2021-VA-192,202102,94,25,1,53.69,8.96,NA,0.3069,0.1045,
2021-VA-193,202102,94,25,1,51.75,8.78,NA,0.3216,0.1021,
2021-VA-194,202102,94,27,2,43.01,0,24,0.1633,0.0486,
2021-VA-195,202102,94,27,1,57.54,10.62,72,0.3436,0.1351,
2021-VA-196,202102,94,27,2,42.71,0,NA,0.132,0.0348,
2021-VA-197,202102,94,27,2,49.08,0,36,0.3037,0.0665,
2021-VA-198,202102,94,24,1,45.89,9.41,38,0.2848,0.0522,
2021-VA-199,202102,94,29,2,42.74,0,24,0.3108,0.0784,
2021-VA-200,202102,94,25,2,54.78,0,50,0.3219,0.0972,
2021-VA-201,202102,94,24,2,42.89,0,NA,0.3274,0.0743,
2021-VA-202,202102,94,27,2,50.43,0,42,0.3185,0.1057,
2021-VA-203,202102,94,25,2,55.97,0,54,0.3025,0.109,
2021-VA-204,202102,94,27,2,47.69,0,34,0.1961,0.0596,
2021-VA-205,202102,94,25,1,52.26,8.86,52,0.2769,0.0782,
2021-VA-206,202102,94,27,2,42.05,0,26,0.3057,0.0851,
2021-VA-207,202102,94,25,1,55.14,10.81,70,0.3219,0.098,
2021-VA-208,202102,94,23,2,42.8,0,26,0.3027,0.0417,
2021-VA-209,202102,94,27,2,52.2,0,44,0.3038,0.1046,
2021-VA-210,202102,94,25,2,46.9,0,34,0.2874,0.0925,
2021-VA-211,202102,94,25,2,51.49,0,44,0.3162,0.0936,
2021-VA-212,202102,94,24,2,43.04,0,28,0.1762,0.0424,
2021-VA-213,202102,94,25,2,55.21,0,56,0.3398,0.112,
2021-VA-214,202102,94,29,2,42.12,0,22,0.2373,0.0643,
2021-VA-215,202102,94,25,2,43.97,0,28,0.1942,0.0525,
2021-VA-216,202102,94,27,2,55.59,0,54,0.2946,0.115,
2021-VA-217,202102,94,24,2,41.63,0,NA,0.3034,0.0554,
2021-VA-218,202102,94,24,2,43.57,0,30,0.3138,0.0653,
2021-VA-219,202102,94,24,2,43.68,0,26,0.1234,0.0272,
2021-VA-220,202102,94,23,1,51.04,8.41,NA,0.3005,0.1095,
2021-VA-222,202102,94,30,2,43.59,0,30,0.3279,0.0954,
2021-VA-225,202102,94,29,2,45.26,0,30,0.233,0.0673,
2021-VA-226,202102,94,31,1,53.5,8.72,52,0.3115,0.0947,
2021-VA-228,202102,94,31,1,50.44,8,42,0.3222,0.1131,
2021-VA-231,202102,94,34,1,47.86,7.88,38,0.3128,0.0881,
2021-VA-235,202102,94,31,1,50.34,8.43,50,0.2886,0.0857,
2021-VA-236,202102,94,29,2,45,0,28,0.2932,0.0791,
2021-VA-237,202102,94,29,2,41.78,0,24,0.2999,0.1003,
2021-VA-240,202102,94,34,1,50.33,8.65,NA,0.3812,0.1097,
2022-AKK-1,202202,162,1,1,56.96,10.1,70,0.3463,0.1162,
2022-AKK-2,202202,162,1,1,57.97,9.94,67,0.3336,0.1068,
2022-AKK-3,202202,162,1,1,56.79,10.65,69,0.375,0.1429,
2022-AKK-4,202202,162,1,1,56.62,10.15,65,0.3419,0.1126,
2022-AKK-5,202202,162,1,2,45.48,0,35,0.3395,0.0971,
2022-AKK-6,202202,162,1,2,45.12,0,32,0.3243,0.0788,
2022-AKK-7,202202,162,1,2,50.31,0,41,0.3185,0.0918,
2022-AKK-8,202202,162,1,2,45.45,0,31,0.3377,0.0912,
2022-AKK-9,202202,162,1,2,43.03,0,25,0.3266,0.1,
2022-AKK-10,202202,162,1,2,43.78,0,28,0.3487,0.0943,
2022-AKK-11,202202,162,2,2,45.29,0,33,0.3276,0.121,
2022-AKK-12,202202,162,2,2,48.7,0,39,0.3346,0.115,
2022-AKK-13,202202,162,2,2,46.46,0,34,0.3246,0.1196,
2022-AKK-14,202202,162,2,2,47.32,0,38,0.3379,0.1242,
2022-AKK-15,202202,162,2,2,48.22,0,37,0.3375,0.0894,
2022-AKK-16,202202,162,2,2,46.38,0,35,0.323,0.1087,
2022-AKK-17,202202,162,2,1,54.25,9.4,62,0.3313,0.1345,
2022-AKK-18,202202,162,2,1,52.92,9.12,54,0.3206,0.1193,
2022-AKK-19,202202,162,2,1,63.85,11.36,89,0.3257,0.1062,
2022-AKK-20,202202,162,2,1,55.61,9.68,66,0.3306,0.1112,
2022-AKK-21,202202,162,3,2,43.64,0,26,0.3074,0.1045,
2022-AKK-22,202202,162,3,2,48.65,0,39,0.3069,0.1056,
2022-AKK-23,202202,162,3,2,45.21,0,29,0.3294,0.1066,
2022-AKK-24,202202,162,3,2,44.24,0,25,0.329,0.1159,
2022-AKK-25,202202,162,3,2,46.75,0,31,0.3487,0.118,
2022-AKK-27,202202,162,3,1,58.1,10.08,71,0.3143,0.1104,
2022-AKK-28,202202,162,3,1,65.83,10.52,98,0.3409,0.1415,
2022-AKK-29,202202,162,3,1,54.37,9.09,58,0.3136,0.1111,
2022-AKK-30,202202,162,3,1,55.6,9.68,67,0.3211,0.1127,
2022-AKK-31,202202,162,4,1,64.47,11.47,95,0.3549,0.1257,
2022-AKK-32,202202,162,4,2,50.36,0,40,0.3312,0.1074,
2022-AKK-33,202202,162,4,1,56.22,8.77,64,0.3168,0.0954,
2022-AKK-34,202202,162,4,2,45.01,0,31,0.317,0.1092,
2022-AKK-35,202202,162,4,1,56.18,9.3,60,0.3317,0.1083,
2022-AKK-36,202202,162,4,2,45.13,0,29,0.314,0.1008,
2022-AKK-37,202202,162,4,2,46.41,0,35,0.3125,0.0997,
2022-AKK-38,202202,162,4,2,47.26,0,33,0.3221,0.1151,
2022-AKK-39,202202,162,6,1,55.76,8.73,61,0.3442,0.1121,
2022-AKK-40,202202,162,6,2,46.74,0,33,0.3027,0.0987,
2022-AKK-41,202202,162,20,1,58.69,9.38,73,0.3326,0.1231,
2022-AKK-42,202202,162,20,1,52.65,9.62,61,0.3002,0.1313,
2022-AKK-43,202202,162,20,1,50.02,8.46,44,0.3008,0.0856,
2022-AKK-44,202202,162,15,2,54.94,0,56,0.3343,0.1152,
2022-AKK-45,202202,162,15,2,52.44,0,46,0.3054,0.0991,
2022-AKK-46,202202,162,15,2,55.97,0,57,0.4383,0.139,
2022-AKK-47,202202,162,14,1,55.86,9.45,67,0.3236,0.1269,
2022-AKK-48,202202,162,14,1,51.63,8.12,51,0.3404,0.1211,
2022-AKK-49,202202,162,14,1,57.26,9.66,70,0.3378,0.1001,
2022-AKK-50,202202,162,14,1,54.3,10.11,65,0.3319,0.0925,
2022-AKK-51,202202,162,21,2,40.98,0,24,0.3252,0.1308,
2022-AKK-52,202202,162,21,1,47.16,7.11,37,0.309,0.094,
2022-AKK-53,202202,162,21,1,49.83,5.66,44,0.3104,0.1052,
2022-AKK-54,202202,162,23,1,50.57,8.43,52,0.3076,0.1302,
2022-AKK-55,202202,162,23,1,59.01,9.48,77,0.3547,0.1322,
2022-AKK-56,202202,162,23,2,43.74,0,27,0.3068,0.0957,
2022-AKK-57,202202,162,23,1,52.39,8.55,52,0.3704,0.1529,
2022-AKK-58,202202,162,23,2,44.06,0,27,0.3296,0.0883,
2022-AKK-59,202202,162,23,2,46.35,0,33,0.3199,0.1153,
2022-AKK-60,202202,162,23,2,44.57,0,29,0.3127,0.0809,
2022-AKK-61,202202,162,39,1,54.79,8.86,62,0.3247,0.0998,
2022-AKK-62,202202,162,39,1,54.43,9.04,61,0.3138,0.1266,
2022-AKK-63,202202,162,39,1,45.83,7.6,34,0.3298,0.1166,
2022-AKK-64,202202,162,39,2,46.35,0,33,0.3333,0.1303,
2022-AKK-65,202202,162,39,2,46.88,0,35,0.3135,0.1124,
2022-AKK-66,202202,162,39,2,44.96,0,33,0.3144,0.1079,
2022-AKK-67,202202,162,39,2,43.43,0,29,0.3379,0.122,
2022-AKK-68,202202,162,36,1,60.36,12.03,85,0.3189,0.0844,
2022-AKK-69,202202,162,36,1,54.2,10.55,61,0.3205,0.0777,
2022-AKK-70,202202,162,36,1,55.56,8.75,59,0.3103,0.0971,
2022-AKK-71,202202,162,36,2,49.24,0,38,0.3691,0.131,
2022-AKK-72,202202,162,36,2,46.92,0,37,0.3224,0.0978,
2022-AKK-73,202202,162,36,2,45.09,0,30,0.3406,0.1322,
2022-AKK-74,202202,162,36,2,42.08,0,29,0.4618,0.1294,
2022-AKK-75,202202,162,36,2,40.16,0,23,0.3257,0.1029,
2022-AKK-76,202202,162,36,1,53.7,8.48,59,0.3816,0.101,
2022-AKK-77,202202,162,36,1,52.05,8.8,54,0.3628,0.0992,
2022-AKK-78,202202,162,43,2,47.45,0,41,0.3441,0.1012,
2022-AKK-79,202202,162,43,2,44.28,0,33,0.3261,0.1134,
2022-AKK-80,202202,162,43,2,46.54,0,36,0.3196,0.1306,
2022-AKK-81,202202,162,40,1,52.59,8.74,58,0.3326,0.1173,
2022-AKK-82,202202,162,40,1,55.49,10.36,72,0.3149,0.0859,
2022-AKK-83,202202,162,22,1,57.07,9.03,68,0.3389,0.1494,
2022-AKK-84,202202,162,22,1,48.91,7.44,36,0.3818,0.1744,
2022-AKK-85,202202,162,22,1,46.69,6.94,29,0.3675,0.147,
2022-AKK-86,202202,162,22,1,47.68,7.61,36,0.3838,0.1683,
2022-AKK-87,202202,162,22,1,44.72,6.84,29,0.3812,0.1524,
2022-AKK-88,202202,162,22,1,47.56,7.7,32,0.3272,0.0993,
2022-AKK-89,202202,162,22,1,45.91,7.24,32,0.3415,0.1569,
2022-AKK-90,202202,162,31,1,51.19,10.6,52,0.3202,0.1121,
2022-AKK-161,202201,162,120,1,84.28,15.07,234,0.3067,0.0687,
2022-AKK-162,202201,162,123,1,98.91,18.48,348,0.312,0.0862,
2022-AKK-163,202201,162,186,2,41.01,0,29,0.3287,0.0862,
2022-AKK-164,202201,162,192,2,46.06,0,32,0.3453,0.1273,
2022-AKK-165,202201,162,124,1,93.41,17.06,231,0.3141,0.096,
2022-AKK-166,202201,162,193,1,74.52,13.26,159,0.3124,0.1105,
2022-AKK-167,202201,162,192,2,57.73,0,66,0.3213,0.118,
2022-AKK-168,202201,162,192,2,52.02,0,47,0.3984,0.1445,
2022-AKK-169,202201,162,192,2,59.76,0,72,0.3105,0.0777,
2022-AKK-170,202201,162,126,1,90.57,17.17,337,0.3355,0.0906,
2022-AKK-171,202201,162,190,1,99.08,18.71,364,0.3504,0.1243,
2022-AKK-172,202201,162,150,1,99.68,18.86,342,0.3135,0.0936,
2022-AKK-173,202201,162,193,1,72.52,13.68,145,0.3229,0.1094,
2022-AKK-174,202201,162,129,1,94.22,17.41,340,0.3083,0.06,
2022-AKK-175,202201,162,186,2,32,0,43.7,0.3289,0.1256,
2022-AKK-177,202201,162,164,1,75.45,13.44,163,0.3281,0.1037,
2022-AKK-178,202201,162,157,1,75.68,13.24,187,0.3381,0.0702,
2022-AKK-179,202201,162,151,1,89.51,16.56,265,0.3921,0.1152,
2022-AKK-180,202201,162,193,2,56.2,0,60,0.2967,0.0998,
2022-AKK-181,202201,162,192,1,113.18,22.52,591,0.3456,0.1107,
2022-AKK-182,202201,162,151,1,83.96,16.71,252,0.3029,0.0876,
2022-AKK-183,202201,162,190,1,107.01,21.31,451,0.3319,0.1015,
2022-AKK-184,202201,162,128,1,93.14,18.31,211,0.3584,0.114,
2022-AKK-185,202201,162,151,1,75.34,12.28,159,0.3936,0.1163,
2022-AKK-186,202201,162,153,1,94.9,19.13,374,0.3597,0.138,
2022-AKK-188,202201,162,186,2,58.05,0,71,0.3591,0.0977,
2022-AKK-190,202201,162,151,1,78.44,14.23,195,0.3258,0.1014,
2022-AKK-191,202201,162,192,2,47.61,0,25,0.3261,0.1172,
2022-AKK-192,202201,162,151,1,85.78,14.12,241,0.3844,0.1176,
2022-AKK-193,202201,162,127,1,104.35,19.36,397,0.3282,0.0941,
2022-AKK-194,202201,162,127,1,98.57,18.28,268,0.3774,0.1048,
2022-AKK-195,202201,162,151,1,80.79,19.49,194,0.3276,0.1065,
2022-AKK-196,202201,162,189,1,84.07,13.27,191,0.3233,0.1516,
2022-AKK-197,202201,162,192,2,51.71,0,45,0.3609,0.1175,
2022-AKK-198,202201,162,127,1,95.81,17.86,256,0.3774,0.119,
2022-AKK-199,202201,162,127,1,96.21,17.5,220,0.3011,0.0844,
2022-AKK-200,202201,162,123,1,87.15,15.57,NA,0.3129,0.0694,
2022-VA-1,202201,94,110,2,59.11,0,NA,0.2925,0.0795,
2022-VA-2,202201,94,94,2,50.31,0,NA,0.2795,0.0857,
2022-VA-3,202201,94,94,2,52.4,0,NA,0.3103,0.092,
2022-VA-4,202201,94,115,1,85.13,16.39,NA,0.3084,0.1082,
2022-VA-5,202201,94,134,1,76.8,15.33,186,0.3209,0.0896,
2022-VA-6,202201,94,94,2,53.77,0,NA,0.2087,0.0654,
2022-VA-7,202201,94,116,2,48.03,0,NA,0.0603,0.025,
2022-VA-8,202201,94,112,1,91.56,16.92,NA,0.3848,0.1209,
2022-VA-9,202201,94,110,2,47.25,0,34,0.3463,0.0923,
2022-VA-10,202201,94,136,1,90.56,14.37,NA,0.3143,0.0876,
2022-VA-11,202201,94,136,1,74.13,10.66,NA,0.3711,0.1055,
2022-VA-12,202201,94,112,2,51.4,0,NA,0.326,0.1077,
2022-VA-13,202201,94,137,1,82.5,12.78,186,0.3664,0.1054,
2022-VA-14,202201,94,97,2,45.47,0,NA,0.3202,0.0946,
2022-VA-15,202201,94,94,2,49.17,0,NA,0.2689,0.0849,
2022-VA-16,202201,94,94,2,49.47,0,NA,0.2707,0.0817,
2022-VA-17,202201,94,142,1,84.01,11.15,222,0.3803,0.1104,
2022-VA-18,202201,94,117,2,53.74,0,NA,0.2703,0.0874,
2022-VA-19,202201,94,142,1,71.89,10.38,148,0.3733,0.1049,
2022-VA-20,202201,94,93,2,50.38,0,NA,0.3022,0.0852,
2022-VA-21,202201,94,138,1,73,11.05,128,0.3243,0.1006,
2022-VA-22,202201,94,107,1,93.06,16.66,NA,0.3229,0.0679,
2022-VA-23,202201,94,138,1,73.13,10.12,124,0.3662,0.1154,
2022-VA-24,202201,94,116,2,50.48,0,NA,0.3066,0.108,
2022-VA-25,202201,94,142,2,57.41,0,NA,0.3637,0.1317,
2022-VA-26,202201,94,142,1,70.75,10.18,124,0.3327,0.1208,
2022-VA-27,202201,94,112,2,46.02,0,NA,0.3016,0.0913,
2022-VA-28,202201,94,140,1,75.04,12.58,146,0.3194,0.0913,
2022-VA-29,202201,94,142,2,56.36,0,58,0.361,0.1399,
2022-VA-30,202201,94,135,1,92.7,18.74,328,0.3116,0.1128,
2022-VA-31,202201,94,135,1,71.72,11.92,138,0.3597,0.1198,
2022-VA-32,202201,94,142,1,73.24,10.9,NA,0.2984,0.1008,
2022-VA-33,202201,94,142,1,79.32,12.53,174,0.3253,0.1014,
2022-VA-34,202201,94,142,2,60.02,0,66,0.3154,0.1167,
2022-VA-35,202201,94,138,1,74.69,11.27,144,0.3688,0.1116,
2022-VA-36,202201,94,142,1,78.2,11.87,184,0.3473,0.1048,
2022-VA-37,202201,94,116,2,43.71,0,NA,0.2688,0.0903,
2022-VA-38,202201,94,138,1,85.92,13.37,202,0.308,0.0864,
2022-VA-39,202201,94,138,1,78.46,11.95,176,0.3155,0.0937,
2022-VA-40,202201,94,138,1,77.42,11.01,164,0.3205,0.0979,
2022-VA-41,202201,94,149,2,54.39,0,52,0.3127,0.1079,
2022-VA-42,202201,94,143,1,76.53,12.17,172,0.3391,0.1005,
2022-VA-43,202201,94,148,2,51.15,0,NA,0.3141,0.103,
2022-VA-44,202201,94,156,2,55.66,0,NA,0.3103,0.0991,
2022-VA-45,202201,94,156,1,80.16,12.22,162,0.3382,0.0966,
2022-VA-46,202201,94,156,2,49.03,0,40,0.3732,0.1467,
2022-VA-47,202201,94,148,2,49.58,0,NA,0.3209,0.1219,
2022-VA-48,202201,94,148,2,48.21,0,NA,0.3221,0.1142,
2022-VA-49,202201,94,148,1,74.39,10.7,NA,0.3112,0.093,
2022-VA-50,202201,94,149,2,50.95,0,42,0.3261,0.1108,
2022-VA-51,202201,94,147,2,52.25,0,46,0.3018,0.105,
2022-VA-52,202201,94,144,1,72.14,10.42,NA,0.3064,0.0907,
2022-VA-53,202201,94,143,1,83.19,11.75,220,0.3283,0.1071,
2022-VA-54,202201,94,143,1,84.07,12.55,216,0.3102,0.0974,
2022-VA-55,202201,94,155,2,47.76,0,32,0.3092,0.1018,
2022-VA-56,202201,94,156,1,72.44,10.59,130,0.3151,0.0874,
2022-VA-57,202201,94,148,2,48.21,0,36,0.3417,0.1134,
2022-VA-58,202201,94,139,1,71.07,12.97,150,0.3305,0.0975,
2022-VA-59,202201,94,147,1,75.99,13.85,170,0.3873,0.0891,
2022-VA-60,202201,94,143,1,83.67,12.89,NA,0.3678,0.1023,
2022-VA-61,202201,94,156,1,76.71,11.31,158,0.3412,0.1109,
2022-VA-62,202201,94,154,2,48.69,0,NA,0.3292,0.118,
2022-VA-63,202201,94,143,1,78.09,12.31,184,0.3374,0.1221,
2022-VA-64,202201,94,147,1,85.2,13.62,198,0.3328,0.0947,
2022-VA-65,202201,94,155,2,47.69,0,36,0.3123,0.1095,
2022-VA-66,202201,94,147,2,52.51,0,48,0.3213,0.0981,
2022-VA-67,202201,94,148,2,47.35,0,34,0.3091,0.1227,
2022-VA-68,202201,94,147,2,45.25,0,30,0.324,0.1152,
2022-VA-69,202201,94,155,2,49.78,0,NA,0.3136,0.0962,
2022-VA-70,202201,94,147,2,51.16,0,46,0.3085,0.1067,
2022-VA-71,202201,94,147,2,49.39,0,NA,0.3429,0.1127,
2022-VA-72,202201,94,156,1,75.63,11.43,156,0.3065,0.096,
2022-VA-73,202201,94,148,2,54.48,0,NA,0.3033,0.1212,
2022-VA-74,202201,94,143,1,73.82,10.33,142,0.3534,0.0916,
2022-VA-75,202201,94,156,1,74.13,11.32,140,0.3344,0.102,
2022-VA-76,202201,94,148,2,49.67,0,NA,0.3111,0.1073,
2022-VA-77,202201,94,156,1,80.54,12.61,186,0.3028,0.0824,
2022-VA-78,202201,94,148,1,75.86,14.24,180,0.3261,0.1165,
2022-VA-79,202201,94,140,2,45.49,0,NA,0.3084,0.0994,
2022-VA-80,202201,94,155,2,46.87,0,36,0.3134,0.1083,
2022-VA-81,202201,94,154,2,41.61,0,NA,0.3075,0.1073,
2022-VA-82,202201,94,154,2,47.69,0,30,0.317,0.1113,
2022-VA-83,202201,94,154,2,48.16,0,NA,0.3066,0.1182,
2022-VA-84,202201,94,154,2,50.44,0,NA,0.3427,0.1164,
2022-VA-85,202201,94,179,1,87.2,16.43,280,0.3599,0.1444,
2022-VA-86,202201,94,178,2,59.74,0,NA,0.3818,0.1305,
2022-VA-87,202201,94,184,1,92.03,15.13,306,0.298,0.1251,
2022-VA-88,202201,94,184,2,46.51,0,38,0.3106,0.1046,
2022-VA-89,202201,94,187,2,55.58,0,60,0.3181,0.1031,
2022-VA-90,202201,94,187,2,60.22,0,72,0.3306,0.1135,
2022-VA-91,202201,94,190,2,51.43,0,NA,0.305,0.0956,
2022-VA-92,202201,94,190,1,65.17,13.49,NA,0.3321,0.1225,
2022-VA-93,202201,94,191,1,102.73,16.94,NA,0.3671,0.0917,
2022-VA-94,202201,94,191,1,79.32,11.05,NA,0.3073,0.1022,
2022-VA-95,202201,94,191,1,94.73,14.33,NA,0.3194,0.0857,
2022-VA-96,202201,94,192,2,50.05,0,44,0.314,0.1058,
2022-VA-97,202201,94,192,2,50.8,0,46,0.366,0.1382,
2022-VA-98,202201,94,192,2,56.04,0,60,0.308,0.1214,
2022-VA-99,202201,94,192,2,52.34,0,50,0.3118,0.0992,
2022-VA-100,202201,94,192,2,49.8,0,42,0.311,0.1177,
2022-VA-101,202201,94,192,2,56.48,0,60,0.3225,0.1085,
2022-VA-102,202201,94,194,2,51.46,0,48,0.3188,0.1062,
2022-VA-103,202201,94,194,2,47.62,0,42,0.3015,0.1094,
2022-VA-104,202202,94,25,2,43.82,0,30,0.3433,0.1122,
2022-VA-105,202202,94,24,1,51.48,10.55,58,0.31,0.1154,
2022-VA-106,202202,94,22,1,54.22,9.53,NA,0.3143,0.062,
2022-VA-107,202202,94,25,2,41,0,24,0.3069,0.1071,
2022-VA-108,202202,94,24,2,40.63,0,NA,0.3081,0.1117,
2022-VA-109,202202,94,24,2,41.98,0,24,0.3259,0.1141,
2022-VA-110,202202,94,25,2,41.69,0,NA,0.3568,0.1325,
2022-VA-111,202202,94,25,2,43.21,0,30,0.3195,0.1156,
2022-VA-112,202202,94,26,2,53.39,0,NA,0.3785,0.1057,
2022-VA-113,202202,94,25,2,43.15,0,NA,0.3029,0.0855,
2022-VA-114,202202,94,24,2,43.33,0,28,0.3287,0.1021,
2022-VA-115,202202,94,22,2,40.49,0,22,0.337,0.0867,
2022-VA-116,202202,94,26,2,47.31,0,36,0.33,0.1246,
2022-VA-117,202202,94,25,2,44.75,0,30,0.349,0.0933,
2022-VA-118,202202,94,26,1,50.49,8.51,NA,0.416,0.1679,
2022-VA-119,202202,94,25,2,42.02,0,24,0.2903,0.1029,
2022-VA-120,202202,94,24,2,40.65,0,26,0.4566,0.1503,
2022-VA-128,202202,94,38,1,53.58,10.79,NA,0.3158,0.0946,
2022-VA-130,202202,94,27,2,52.88,0,52,0.3436,0.0971,
2022-VA-133,202202,94,24,2,42.38,0,30,0.311,0.1085,
2022-VA-134,202202,94,24,2,43.22,0,30,0.3409,0.1193,
2022-VA-135,202202,94,38,1,50.29,8.59,52,0.2952,0.1103,
2022-VA-137,202202,94,38,2,45.85,0,36,0.3226,0.0999,
2022-VA-138,202202,94,38,2,51.82,0,48,0.3194,0.0975,
2022-VA-139,202202,94,28,1,61.99,10.11,92,0.3046,0.1113,
2022-VA-141,202202,94,38,2,43.71,0,32,0.3369,0.1035,
2022-VA-142,202202,94,38,2,46.35,0,38,0.3236,0.1095,
2022-VA-143,202202,94,27,1,51.23,8.46,50,0.3429,0.1022,
2022-VA-144,202202,94,27,2,51.39,0,46,0.3171,0.095,
2022-VA-145,202202,94,38,1,50.06,8.14,NA,0.2988,0.116,
2022-VA-146,202202,94,27,1,52.69,8.94,56,0.3194,0.125,
2022-VA-147,202202,94,27,2,50.97,0,46,0.3218,0.0857,
2022-VA-148,202202,94,38,2,56.06,0,60,0.3226,0.0776,
2022-VA-150,202202,94,28,1,55.27,10.56,70,0.3173,0.1202,
2022-VA-151,202202,94,27,1,54.04,9,62,0.3381,0.1245,
2022-VA-152,202202,94,23,1,54.58,9.07,NA,0.3307,0.1294,
2022-VA-153,202202,94,24,2,40.31,0,24,0.3037,0.1079,
2022-VA-154,202202,94,27,2,51.51,0,46,0.3224,0.1059,
2022-VA-155,202202,94,27,1,52.97,9.42,58,0.304,0.0986,
2022-VA-156,202202,94,27,2,55.44,0,60,0.3461,0.1007,
2022-VA-158,202202,94,28,1,55.41,12.2,72,0.3266,0.122,
2022-VA-160,202202,94,27,1,50.53,8.66,54,0.307,0.0967,
2022-AKK-26,202202,162,3,1,61.41,10.93,88,0.3263,0.1245,
2022-AKK-189,202201,162,127,1,98.65,18.66,310,0.3117,0.0842,
