sample_region,lme,gis_station,bsierp_region
1,EBS,A-02,4
1,EBS,A-03,4
1,EBS,A-04,4
1,EBS,A-05,4
1,EBS,B-01,4
1,EBS,B-02,4
1,EBS,B-03,4
1,EBS,B-04,4
1,EBS,B-05,4
1,EBS,C-18,4
1,EBS,C-01,4
1,EBS,C-02,4
1,EBS,C-03,4
1,EBS,C-04,4
1,EBS,C-05,4
1,EBS,D-18,4
1,EBS,D-01,4
1,EBS,D-02,4
1,EBS,D-03,4
1,EBS,D-04,4
1,EBS,D-05,4
1,EBS,E-18,4
1,EBS,E-19,4
1,EBS,E-20,4
1,EBS,E-21,4
1,EBS,E-22,4
1,EBS,E-01,4
1,EBS,E-02,4
1,EBS,E-03,4
1,EBS,F-18,4
1,EBS,F-01,4
1,EBS,F-02,4
2,EBS,F-19,5
2,EBS,F-20,5
2,EBS,F-21,5
2,EBS,G-18,5
2,EBS,G-19,5
2,EBS,G-20,5
2,EBS,G-21,5
2,EBS,G-22,5
2,EBS,H-18,5
2,EBS,H-19,5
2,EBS,H-20,5
2,EBS,H-21,5
2,EBS,H-22,5
2,EBS,H-23,5
2,EBS,I-18,5
2,EBS,I-19,5
2,EBS,I-20,5
2,EBS,I-21,5
2,EBS,I-22,5
2,EBS,I-23,5
2,EBS,J-18,5
2,EBS,J-19,5
2,EBS,J-20,5
2,EBS,J-21,5
2,EBS,J-22,5
2,EBS,J-23,5
2,EBS,JI2221,5
2,EBS,JI2120,5
2,EBS,JI2019,5
2,EBS,JI1918,5
2,EBS,IH2221,5
2,EBS,IH2120,5
2,EBS,IH2019,5
2,EBS,IH1918,5
2,EBS,HG2221,5
2,EBS,HG2120,5
2,EBS,HG2019,5
2,EBS,HG1918,5
2,EBS,GF2221,5
2,EBS,GF2120,5
2,EBS,GF2019,5
2,EBS,GF1918,5
3,EBS,K-01,6
3,EBS,K-02,6
3,EBS,K-18,6
3,EBS,K-19,6
3,EBS,K-20,6
3,EBS,K-21,6
3,EBS,K-22,6
3,EBS,K-23,6
3,EBS,L-18,6
3,EBS,L-19,6
3,EBS,L-20,6
3,EBS,L-21,6
3,EBS,L-22,6
3,EBS,L-23,6
3,EBS,M-19,6
3,EBS,M-20,6
3,EBS,M-21,6
3,EBS,M-22,6
3,EBS,M-23,6
3,EBS,M-24,6
3,EBS,N-19,6
3,EBS,N-20,6
3,EBS,N-21,6
3,EBS,N-22,6
3,EBS,N-23,6
3,EBS,N-24,6
3,EBS,O-20,6
3,EBS,O-21,6
3,EBS,O-22,6
3,EBS,O-23,6
3,EBS,O-24,6
3,EBS,O-25,6
3,EBS,ON2625,6
3,EBS,ON2524,6
4,EBS,QP2726,9
4,EBS,QP2625,9
4,EBS,QP2524,9
4,EBS,QP2423,9
4,EBS,PO2726,9
4,EBS,PO2625,9
4,EBS,PO2524,9
4,EBS,PO2423,9
4,EBS,P-20,9
4,EBS,P-21,9
4,EBS,P-22,9
4,EBS,P-23,9
4,EBS,P-24,9
4,EBS,P-25,9
4,EBS,P-26,9
4,EBS,Q-20,9
4,EBS,Q-21,9
4,EBS,Q-22,9
4,EBS,Q-23,9
4,EBS,Q-24,9
4,EBS,Q-25,9
4,EBS,Q-26,9
4,EBS,R-22,9
4,EBS,R-23,9
4,EBS,R-24,9
4,EBS,R-25,9
4,EBS,R-26,9
4,EBS,R-27,9
4,EBS,S-22,9
4,EBS,S-23,9
4,EBS,S-24,9
4,EBS,S-25,9
4,EBS,S-26,9
4,EBS,S-27,9
4,EBS,T-25,9
4,EBS,T-26,9
4,EBS,T-27,9
4,EBS,T-28,9
4,EBS,U-25,9
4,EBS,U-26,9
4,EBS,U-27,9
4,EBS,U-28,9
4,EBS,V-25,9
4,EBS,V-26,9
4,EBS,V-27,9
4,EBS,V-28,9
5,EBS,M-25,8
5,EBS,M-26,8
5,EBS,M-27,8
5,EBS,M-28,8
5,EBS,M-29,8
5,EBS,M-30,8
5,EBS,M-31,8
5,EBS,M-32,8
5,EBS,N-25,8
5,EBS,N-26,8
5,EBS,N-27,8
5,EBS,N-28,8
5,EBS,N-29,8
5,EBS,N-30,8
5,EBS,N-31,8
5,EBS,O-26,8
5,EBS,O-27,8
5,EBS,O-28,8
5,EBS,O-29,8
5,EBS,O-30,8
5,EBS,O-31,8
5,EBS,P-27,8
5,EBS,P-28,8
5,EBS,P-29,8
5,EBS,P-30,8
5,EBS,P-31,8
5,EBS,P-32,8
5,EBS,Q-27,8
5,EBS,Q-28,8
5,EBS,Q-29,8
5,EBS,Q-30,8
5,EBS,Q-31,8
5,EBS,R-28,8
5,EBS,R-29,8
5,EBS,R-30,8
5,EBS,R-31,8
5,EBS,R-32,8
5,EBS,S-28,8
5,EBS,S-29,8
5,EBS,S-30,8
5,EBS,S-31,8
5,EBS,T-29,8
5,EBS,T-30,8
5,EBS,U-29,8
6,EBS,F-22,8
6,EBS,F-23,8
6,EBS,F-24,8
6,EBS,F-25,8
6,EBS,F-26,8
6,EBS,G-23,8
6,EBS,G-24,8
6,EBS,G-25,8
6,EBS,G-26,8
6,EBS,H-24,8
6,EBS,H-25,8
6,EBS,H-26,8
6,EBS,I-24,8
6,EBS,I-25,8
6,EBS,I-26,8
6,EBS,J-24,8
6,EBS,J-25,8
6,EBS,J-26,8
6,EBS,K-24,8
6,EBS,K-25,8
6,EBS,K-26,8
6,EBS,K-27,8
6,EBS,L-24,8
6,EBS,L-25,8
6,EBS,L-26,8
6,EBS,L-27,8
6,EBS,L-28,8
6,EBS,L-29,8
6,EBS,L-30,8
6,EBS,L-31,8
7,NBS,R-20,10
7,NBS,R-21,10
7,NBS,S-20,10
7,NBS,S-21,10
7,NBS,T-20,10
7,NBS,T-21,10
7,NBS,T-22,10
7,NBS,T-23,10
7,NBS,T-24,10
7,NBS,U-18,10
7,NBS,U-19,10
7,NBS,U-20,10
7,NBS,U-21,10
7,NBS,U-22,10
7,NBS,U-23,10
7,NBS,U-24,10
7,NBS,V-18,10
7,NBS,V-19,10
7,NBS,V-20,10
7,NBS,V-21,10
7,NBS,V-22,10
7,NBS,V-23,10
7,NBS,V-24,10
7,NBS,W-18,10
7,NBS,W-19,10
7,NBS,W-20,10
7,NBS,W-21,10
7,NBS,W-22,10
7,NBS,W-23,10
7,NBS,W-24,10
7,NBS,W-25,10
7,NBS,W-26,10
7,NBS,W-27,10
7,NBS,X-18,10
7,NBS,X-19,10
7,NBS,X-20,10
7,NBS,X-21,10
7,NBS,X-22,10
7,NBS,X-23,10
7,NBS,X-24,10
7,NBS,X-25,10
7,NBS,X-26,10
8,NBS,Y-01,12
8,NBS,Y-18,12
8,NBS,Y-19,12
8,NBS,Y-20,12
8,NBS,Y-21,12
8,NBS,Y-22,12
8,NBS,Y-23,12
8,NBS,Y-24,12
8,NBS,Y-25,12
8,NBS,ZZ-01,12
8,NBS,ZZ-18,12
8,NBS,ZZ-19,12
8,NBS,ZZ-20,12
8,NBS,ZZ-21,12
8,NBS,ZZ-22,12
8,NBS,ZZ-23,12
8,NBS,ZZ-24,12
8,NBS,AA-01,12
8,NBS,AA-18,12
8,NBS,AA-19,12
8,NBS,AA-20,12
8,NBS,AA-21,12
8,NBS,AA-22,12
8,NBS,AA-23,12
9,NBS,ZZ-02,13
9,NBS,ZZ-03,13
9,NBS,AA-02,13
9,NBS,AA-03,13
9,NBS,BB-01,13
9,NBS,BB-02,13
9,NBS,BB-03,13
9,NBS,BB-18,13
9,NBS,BB-19,13
9,NBS,BB-20,13
9,NBS,BB-21,13
9,NBS,BB-22,13
9,NBS,CC-01,13
9,NBS,CC-02,13
9,NBS,CC-03,13
9,NBS,CC-18,13
9,NBS,CC-19,13
9,NBS,CC-20,13
9,NBS,CC-21,13
9,NBS,DD-01,13
9,NBS,DD-02,13
9,NBS,DD-03,13
9,NBS,DD-18,13
9,NBS,DD-19,13
9,NBS,DD-20,13
9,NBS,EE-01,13
9,NBS,EE-02,13
9,NBS,EE-18,13
9,NBS,EE-19,13
9,NBS,FF-01,13
9,NBS,FF-02,13
9,NBS,FF-18,13
