Vial_ID,Cruise,Vessel,Haul,Sex,CW ,CH_CC,Crab_Wgt ,HepatoTray_WT,Hepato_WWT,Hepato_DWT,MuscleTray_WT,Muscle_WWT,Muscle_DWT,Process_Date,Notes
2019-1,201902,162,1,1,87.44,14.92,248.3,1.2879,1.9183,1.4581,1.2924,2.3988,1.4564,3/16/2021,
2019-10,201901,162,193,1,91.84,13.01,219.2,1.2631,2.6223,1.646,1.2855,2.8994,1.5091,3/17/2021,
2019-11,201902,94,1,1,55.53,7.92,67.8,1.2716,2.3855,1.5348,1.2866,1.8254,1.3792,3/18/2021,
2019-13,201902,162,1,1,85.09,15.04,230.6,1.263,2.2718,1.4401,1.2824,2.8001,1.5203,3/18/2021,
2019-14,201902,162,1,1,93.94,13.48,224.8,1.2866,2.2783,1.4912,1.2731,2.4266,1.4394,3/19/2021,
2019-147,201902,162,46,1,59.43,8.34,71.8027,1.3316,2.5054,1.6587,1.3112,2.0544,1.4095,5/7/2021,R8
2019-148,201902,162,46,1,56.35,6.6,59.7667,1.3172,2.0007,1.5084,1.317,1.9092,1.3941,5/7/2021,R8
2019-149,201902,162,46,1,54.5,7.13,62.938,1.3147,1.9636,1.5158,1.3149,1.7205,1.3848,5/11/2021,R8
2019-15,201902,162,1,1,79.23,13.57,199.4,1.2576,2.3991,1.4742,1.264,2.3445,1.4259,3/19/2021,
2019-151,201902,162,46,1,56.1,7.16,63.5541,1.3152,1.8859,1.486,1.318,1.9478,1.4221,5/11/2021,R8
2019-154,201902,162,46,1,59.85,7.56,80.225,1.3139,2.3689,1.7081,1.3136,1.895,1.4165,5/11/2021,R8
2019-158,201901,94,133,1,84.01,12.75,204.8,1.3163,2.7735,1.4536,1.3115,2.3446,1.4675,5/11/2021,R4
2019-159,201901,94,133,1,78.61,11.71,168.2,1.317,2.7839,1.3981,1.3122,1.8961,1.4194,5/11/2021,R4
2019-16,201902,162,1,1,80.69,14.25,208.7,1.2693,2.2615,1.5279,1.2752,2.5711,1.4678,3/19/2021,
2019-160,201901,94,133,1,84.69,11.99,211.7,1.3083,2.7152,1.4218,1.3163,2.1747,1.4275,5/11/2021,R4
2019-161,201901,94,133,1,80.02,11.85,193.5,1.2924,2.1722,1.422,1.274,1.7521,1.3368,5/17/2021,R4
2019-162,201901,94,133,1,83.66,12.29,188,1.2852,1.8754,1.3522,1.2625,1.8951,1.3484,5/17/2021,R4
2019-163,201902,162,1,1,78.37,11.96,182.9,1.2774,2.0229,1.4146,1.2913,1.9241,1.3891,5/17/2021,
2019-164,201902,162,1,1,77.43,12.53,170.1,1.2726,2.1859,1.4242,1.2879,2.1394,1.4072,5/17/2021,
2019-165,201902,162,1,1,84.43,12.49,223.4,1.2662,2.2745,1.4807,1.2808,1.959,1.3771,5/17/2021,
2019-166,201901,94,134,1,85.46,12.13,208.3,1.2833,2.1678,1.3513,1.2816,1.8087,1.3615,5/17/2021,R4
2019-167,201901,94,134,1,96.18,14.49,294.3,1.2696,2.3066,1.469,1.3209,3.3732,1.5592,5/17/2021,R4
2019-168,201901,94,134,1,92.53,13.89,247.7,1.2706,1.8867,1.3448,1.2696,1.728,1.346,5/18/2021,R4
2019-169,201901,94,134,1,85.29,13.28,198.8,1.2666,2.0566,1.3936,1.2793,2.3436,1.3859,5/18/2021,R4
2019-170,201901,94,134,1,83.62,12.86,190.9,1.2834,2.0675,1.388,1.2729,2.6799,1.4175,5/18/2021,R4
2019-175,201901,94,126,1,80.59,11.05,176.1,1.2743,2.1498,1.448,1.2695,1.645,1.3295,5/18/2021,R3
2019-176,201902,162,1,1,88.29,12.31,235.2,1.2702,2.9698,1.4836,1.2654,2.2667,1.407,5/18/2021,
2019-177,201902,162,20,1,56.47,7.24,69.0735,1.2865,2.2919,1.5588,1.2721,1.8293,1.3778,5/19/2021,R9
2019-178,201902,162,20,1,62.66,8.96,85.8309,1.2766,2.0067,1.4696,1.2863,1.8816,1.3948,5/19/2021,R9
2019-179,201902,162,20,1,66.29,11.23,116.185,1.2689,2.2858,1.5463,1.278,2.1094,1.4406,5/19/2021,R9
2019-18,201901,94,159,1,81.02,12.73,181.2,1.2846,2.1991,1.3512,1.2793,2.2102,1.42,3/19/2021,
2019-187,201902,162,1,1,83.49,12.11,211,1.2989,1.9735,1.4469,1.2891,1.78,1.2916,5/19/2021,R3
2019-188,201901,94,127,1,80.47,12.32,196.2,1.2641,2.2581,1.4593,1.2816,2.11,1.3977,5/19/2021,R3
2019-189,201901,94,127,1,82.24,11.11,201.9,1.2968,3.3614,1.4553,1.2699,1.9625,1.3599,5/19/2021,R3
2019-19,201901,94,159,1,82.32,13.07,209.8,1.2898,2.2791,1.5619,1.2655,2.3789,1.4588,3/19/2021,
2019-190,201901,94,127,1,94.11,14.06,291.8,1.2829,2.0592,1.4269,1.2779,2.048,1.3808,5/19/2021,R3
2019-191,201901,94,127,1,85.44,13.76,214.4,1.2863,2.267,1.4959,1.2798,1.9018,1.3716,5/19/2021,R3
2019-192,201901,94,127,1,83.95,12.91,213.2,1.2708,1.9377,1.3848,1.2752,2.1724,1.3932,5/19/2021,R3
2019-193,201901,94,120,1,84.88,12.43,216.9,1.2874,1.8416,1.3589,1.2774,1.9505,1.3519,5/21/2021,R2
2019-194,201901,94,120,1,87.76,12.5,237.8,1.2816,1.9558,1.3893,1.2827,1.8849,1.3726,5/21/2021,R2
2019-195,201901,94,120,1,93.1,14.07,297.4,1.2899,2.1956,1.4287,1.3008,1.8738,1.37011,5/21/2021,R2
2019-196,201901,94,120,1,86.29,13.78,222,1.2713,1.9492,1.3813,1.2791,2.1808,1.3865,5/21/2021,R2
2019-197,201901,94,123,1,85.52,13.79,219,1.2617,1.9306,1.3537,1.2942,1.8745,1.3842,5/21/2021,R3
2019-198,201901,94,123,1,82.5,13.05,212.1,1.2641,2.2852,1.4128,1.286,2.3114,1.4606,5/21/2021,R3
2019-199,201901,94,123,1,85.05,12.63,167.5,1.2764,1.9812,1.3875,1.2756,1.7519,1.3438,5/21/2021,R3
2019-2,201902,162,1,1,78.57,11.38,170.6,1.2871,1.9725,1.438,1.2912,2.3272,1.4545,3/16/2021,
2019-20,201901,94,159,1,82.18,12.92,202.3,1.2765,2.2026,1.3674,1.278,4.1036,1.6079,3/19/2021,
2019-200,201901,94,123,1,97.48,13.63,266.4,1.2742,2.0966,1.4671,1.2684,2.1208,1.4126,5/21/2021,R3
2019-201,201901,94,123,1,91.61,13.85,271.6,1.284,2.4402,1.3563,1.2881,2.2768,1.4035,5/21/2021,R3
2019-202,201901,94,132,1,83.1,13.84,179.4,1.2944,1.9774,1.3789,1.2976,1.7911,1.3677,5/24/2021,R4
2019-203,201901,94,98,1,81.68,12.43,184.5,1.2759,2.2493,1.4618,1.2862,1.9749,1.41,5/24/2021,R2
2019-204,201901,94,98,1,84.5,13.54,214.7,1.2751,1.9664,1.3747,1.271,1.8197,1.3588,5/24/2021,R2
2019-205,201901,94,98,1,84.12,12.94,215.4,1.2696,2.6039,1.5627,1.2868,2.003,1.4068,5/24/2021,R2
2019-206,201901,94,98,1,92.71,14.74,279.4,1.2903,2.6706,1.4954,1.2635,2.88,1.3712,5/24/2021,R2
2019-207,201901,94,98,1,85.68,14.16,224.9,1.2734,2.3421,1.7729,1.2729,1.8536,1.3473,5/24/2021,R2
2019-208,201901,94,121,1,87.46,13.24,277.6,1.2654,2.1498,1.3765,1.2775,2.0289,1.383,5/24/2021,R2
2019-209,201901,94,121,1,91.81,15.44,289.8,1.2627,2.4697,1.415,1.2636,2.5719,1.4517,5/24/2021,R2
2019-21,201901,94,159,1,80.68,13.36,184.8,1.2635,2.2876,1.3691,1.2536,2.3319,1.3935,3/22/2021,
2019-210,201901,94,121,1,84.23,12.94,217.8,1.2692,2.3268,1.4051,1.2877,2.2202,1.4375,5/24/2021,R2
2019-211,201901,94,121,1,88.26,14,243.5,1.283,1.9573,1.4749,1.2864,2.3063,1.4091,5/24/2021,R2
2019-212,201901,94,121,1,90.62,13.83,267.7,1.209,3.3381,2.4071,2.222,3.0891,2.3463,5/24/2021,R2
2019-213,201901,94,119,1,90.67,14.5,269.6,1.2506,2.4125,1.4642,1.2515,2.3977,1.4388,5/25/2021,R2
2019-214,201901,94,119,1,84.33,11.97,180.6,1.2922,2.4625,1.5936,1.2895,2.2924,1.4403,5/25/2021,R2
2019-215,201901,94,119,1,82.83,12.25,191.1,1.267,2.1779,1.4957,1.2817,2.2516,1.442,5/25/2021,R2
2019-216,201901,94,119,1,84.02,11.85,197.7,1.2481,2.2848,1.479,1.2546,2.225,1.4088,5/25/2021,R2
2019-217,201901,94,122,1,95.86,14.05,235.8,1.2834,2.2187,1.5098,1.2522,2.3739,1.4208,5/25/2021,R2
2019-218,201901,94,122,1,90.82,14.98,264,1.2588,2.8123,1.4812,1.2551,2.6399,1.4272,5/25/2021,R3
2019-219,201901,94,122,1,81.06,12.38,202.1,1.2665,3.2858,1.4629,1.2818,2.1361,1.3944,5/25/2021,R3
2019-22,201901,94,159,1,86.37,13.97,230.1,1.2849,2.8749,1.4234,1.287,2.803,1.4984,3/22/2021,
2019-220,201901,94,122,1,79.86,12.48,185.4,1.2624,3.2579,1.4526,1.2804,2.2454,1.3971,5/25/2021,R3
2019-221,201901,94,122,1,91.25,13.94,282,1.2459,2.3675,1.3791,1.2526,2.679,1.4813,5/25/2021,R3
2019-222,201901,94,97,1,85.82,12.84,194.8,1.2705,2.5956,1.3326,1.2727,1.9756,1.3569,6/1/2021,R3
2019-223,201901,94,97,1,80.4,12.75,184,1.2615,3.9204,1.4087,1.2548,2.3202,1.423,6/1/2021,R3
2019-224,201901,94,97,1,89.42,13.99,252.6,1.2668,2.0723,1.3928,1.2561,2.7076,1.4438,6/1/2021,R3
2019-225,201901,94,97,1,82.47,12.43,149.7,1.2574,2.1259,1.4178,1.2616,2.1626,1.3583,6/1/2021,R3
2019-226,201901,162,162,1,83.01,13.02,197.7,1.2631,2.4252,1.4414,1.2624,2.444,1.4245,6/1/2021,
2019-227,201901,162,60,1,92.4,12.98,325.8,1.2667,3.1328,1.6525,1.2678,2.656,1.5636,6/1/2021,
2019-228,201901,162,127,1,84.9,14.29,250.8,1.2645,2.5206,1.4878,1.2732,2.6772,1.4865,6/1/2021,
2019-229,201901,162,114,1,84.81,13.2,218,1.2767,3.2525,1.5773,1.2661,2.1282,1.4008,6/1/2021,
2019-23,201901,94,159,1,85.96,14.03,235.4,1.2932,2.2376,1.3822,1.2837,2.4188,1.4621,3/22/2021,
2019-230,201901,162,127,1,96.31,15.59,331.1,1.2607,2.8734,1.5727,1.273,2.9829,1.5279,6/1/2021,
2019-231,201901,162,127,1,85.12,14.8,235.5,1.2678,2.5391,1.4651,1.2638,2.2104,1.4027,6/1/2021,
2019-232,201901,162,127,1,87.07,13.04,250.7,1.2696,3.1732,1.4803,1.2765,2.2978,1.428,6/1/2021,
2019-24,201901,94,158,1,80.18,12.79,184.2,1.2842,2.4639,1.4057,1.24732,2.3996,1.3948,3/22/2021,
2019-25,201902,94,1,1,70.77,10.17,126.9,1.2924,2.3153,1.534,1.2855,2.3205,1.4389,3/22/2021,
2019-26,201901,94,158,1,80.78,11.47,185.8,1.289,2.6467,1.3912,1.2764,2.3381,1.443,3/22/2021,
2019-3,201902,162,1,1,75.87,11.99,151.8,1.2915,1.9982,1.4661,1.2822,2.0242,1.387,3/16/2021,
2019-4,201902,162,1,1,78.97,12.31,189.2,1.2756,2.039,1.4453,1.2866,2.3218,1.4458,3/17/2021,
2019-41,201902,94,1,1,75.41,11.19,175,1.2854,2.099,1.5112,1.2822,2.139,1.4121,3/26/2021,
2019-42,201901,94,187,1,84.84,12.83,226.6,1.2954,2.2504,1.5319,1.2917,2.2564,1.4432,3/26/2021,
2019-43,201901,94,158,1,85.51,14.19,252.1,1.2774,2.4369,1.384,1.271,2.5258,1.4549,3/26/2021,
2019-44,201901,94,158,1,80.65,13.34,203.7,1.2741,2.1784,1.3485,1.2935,2.2146,1.4192,3/26/2021,
2019-45,201901,94,158,1,82.32,13.17,203.1,1.2932,2.1161,1.3535,1.2764,2.8758,1.4408,3/26/2021,
2019-46,201901,94,158,1,89.55,14.24,234.2,1.2808,2.4217,1.3654,1.2716,2.3949,1.4061,3/26/2021,
2019-47,201901,94,155,1,82.08,11.86,208.5,1.2719,2.9605,1.4359,1.2868,2.3383,1.4338,3/26/2021,
2019-5,201902,162,1,1,78.61,12.83,175.1,1.2856,2.3134,1.5314,1.2782,2.3858,1.4358,3/17/2021,
2019-6,201901,162,193,1,80.11,13.21,NA,1.2689,2.2503,1.4828,1.2683,2.5106,1.452,3/17/2021,missing L3 WL and L chela
2019-63,201901,94,158,1,83.08,12.47,215.5,1.2814,3.4028,1.4051,1.2664,2.119,1.3754,3/30/2021,
2019-64,201902,162,1,1,88.23,15.43,247.8,1.2601,2.2202,1.4608,1.2967,2.4968,1.469,3/30/2021,
2019-7,201901,162,193,1,83.34,13.34,NA,1.2544,2.2811,1.541,1.2801,2.3149,1.4194,3/17/2021,"missing L1 WL and L chela and R1 WL, took M from R2 WL"
2019-70,201901,162,180,1,65.21,NA,82.6,1.2889,2.1897,1.4339,1.2837,2.1538,1.4279,4/12/2021,
2019-8,201901,162,193,1,78.86,13.02,190.5,1.2777,2.3592,1.5571,1.2844,2.5032,1.4543,3/17/2021,
2019-9,201901,162,193,1,87.42,14.75,NA,1.2747,2.397,1.5115,1.272,2.4157,1.3924,3/17/2021,"missing L chela, L4WL and R2WL"
2019-100,201902,162,42,2,46.14,0,33.0826,1.2765,1.9381,1.3721,1.2708,1.8098,1.3656,4/26/2021,R123
2019-101,201902,162,42,2,41.34,0,25.3013,1.2602,1.9257,1.357,1.2595,1.9493,1.3835,4/26/2021,R123
2019-102,201902,162,42,2,42.58,0,22.7993,1.2643,1.7151,1.3617,1.2623,1.7012,1.3492,4/26/2021,R123
2019-103,201902,162,42,2,57.94,0,64.991,1.2594,2.5825,1.5471,1.2561,1.9024,1.3731,4/26/2021,
2019-104,201902,162,42,2,48.8,0,35.0991,1.2886,2.2122,1.5439,1.2604,1.8269,1.369,4/26/2021,
2019-105,201902,162,42,2,55.67,0,69.1909,1.2686,1.8291,1.3571,1.2718,2.0076,1.379,4/26/2021,
2019-106,201902,162,42,2,50.81,0,46.3826,1.3114,2.079,1.4539,1.3205,1.8993,1.4009,4/26/2021,
2019-107,201902,162,42,2,51.14,0,53.1445,1.3122,1.7866,1.4457,1.2762,1.9525,1.391,4/26/2021,
2019-108,201902,162,42,2,51.55,0,49.4136,1.259,1.786,1.3333,1.2799,1.9505,1.369,4/26/2021,
2019-109,201902,162,42,2,49.67,0,46.0361,1.2481,2.2535,1.4439,1.2579,1.7628,1.3319,4/26/2021,
2019-110,201902,162,42,2,54.7,0,65.6728,1.2632,2.8115,1.4879,1.2559,2.0673,1.3786,4/26/2021,
2019-111,201902,162,42,2,51.82,0,49.8102,1.2658,1.7773,1.3755,1.2557,1.7028,1.3233,4/26/2021,
2019-112,201902,162,42,2,51.02,0,48.5955,1.2821,1.7182,1.3992,1.278,1.8398,1.3611,4/26/2021,
2019-113,201902,162,19,2,54.18,0,59.1011,1.2615,1.7917,1.4752,1.2564,1.8027,1.3709,4/27/2021,R9
2019-114,201902,162,19,2,64.06,0,115.6,1.3092,1.8934,1.459,1.313,1.9155,1.4386,4/27/2021,R9
2019-115,201902,162,19,2,67.22,0,112.9,1.3101,2.6019,1.6747,1.308,2.227,1.4959,4/27/2021,R9
2019-116,201902,162,19,2,65.6,0,112.3,1.3166,2.2902,1.6058,1.322,2.4111,1.5221,4/27/2021,R9
2019-117,201902,162,19,2,62.09,0,102.5,1.3133,2.3255,1.5586,1.3144,2.1522,1.4621,4/27/2021,R9
2019-118,201902,162,19,2,53.56,0,63.2936,1.3122,2.2027,1.5699,1.3055,2.0513,1.4582,4/27/2021,R9
2019-119,201902,162,19,2,56.68,0,73.6,1.3246,2.6339,1.7295,1.3024,1.9843,1.4345,4/27/2021,R9
2019-12,201901,162,177,2,54.64,0,52.4,1.2685,2.0314,1.4646,1.2779,2.0462,1.4471,3/18/2021,R23
2019-120,201902,162,49,2,59.58,0,82.8,1.3214,2.0241,1.532,1.3102,1.8874,1.412,4/27/2021,R9
2019-121,201902,162,49,2,53.26,0,55.2422,1.3092,2.2761,1.6361,1.3103,1.868,1.4089,4/27/2021,R8
2019-122,201902,162,49,2,53.51,0,56.8053,1.313,2.3245,1.5712,1.3243,1.8258,1.4087,4/27/2021,R8
2019-123,201902,162,49,2,56.51,0,62.9536,1.3225,2.2987,1.5864,1.325,1.9552,1.4312,4/27/2021,R8
2019-124,201902,162,49,2,56.63,0,67.778,1.3075,2.1621,1.5424,1.3059,2.157,1.4633,4/27/2021,R8
2019-125,201902,162,49,2,59.99,0,73.8921,1.3246,2.2792,1.5859,1.3226,2.3611,1.4689,4/27/2021,R8
2019-126,201902,162,49,2,55.59,0,61.4264,1.3949,2.2299,1.5471,1.3207,1.873,1.4023,4/27/2021,R8
2019-127,201902,162,18,2,50.97,0,56.0893,1.3165,1.8038,1.4694,1.3192,1.8223,1.4239,4/29/2021,R9
2019-128,201902,162,18,2,51.1,0,46.3949,1.3317,2.2036,1.5851,1.3181,1.863,1.4402,4/29/2021,R9
2019-129,201902,162,18,2,60.58,0,90.1665,1.3093,2.1707,1.5243,1.3111,1.9688,1.4466,4/29/2021,R9
2019-130,201902,162,33,2,54.18,0,67.048,1.3158,1.7151,1.4693,1.3205,1.8563,1.4362,4/29/2021,R9
2019-131,201902,162,33,2,55.15,0,58.3616,1.3167,2.109,1.6538,1.3172,1.8161,1.4299,4/29/2021,R9
2019-132,201902,162,33,2,49.98,0,44.2089,1.3209,2.0471,1.6317,1.3219,1.8451,1.436,4/29/2021,R9
2019-133,201902,162,2,2,57.21,0,63.6367,1.3123,2.0791,1.4952,1.3167,1.8916,1.4076,5/5/2021,R12
2019-134,201902,162,2,2,55.51,0,57.0061,1.2952,2.1514,1.5082,1.3239,1.9559,1.4275,5/5/2021,R12
2019-135,201902,162,2,2,56.16,0,57.9997,1.3228,2.0889,1.5205,1.3152,1.8202,1.4006,5/5/2021,R12
2019-136,201902,162,2,2,58.07,0,65.7349,1.3112,2.0124,1.5561,1.3212,1.7629,1.4018,5/5/2021,R12
2019-137,201902,162,2,2,59.29,0,64.9228,1.3197,2.3544,1.5255,1.3075,1.9064,1.3989,5/5/2021,R12
2019-138,201902,162,2,2,55.81,0,54.8645,1.3114,1.9959,1.4854,1.3137,1.7261,1.3845,5/5/2021,R12
2019-139,201902,162,2,2,60.71,0,74.3903,1.324,1.9082,1.4691,1.3298,2.0362,1.4397,5/7/2021,
2019-140,201902,162,2,2,57.33,0,60.4988,1.2145,2.143,1.5339,1.3128,1.8266,1.4094,5/7/2021,
2019-141,201902,162,2,2,55.78,0,52.8082,1.3231,1.8539,1.4941,1.3166,1.8619,1.4167,5/7/2021,
2019-142,201902,162,2,2,60.03,0,74.1742,1.3256,2.0607,1.5658,1.3065,1.8527,1.3928,5/7/2021,
2019-143,201902,162,2,2,57.71,0,61.3622,1.3139,2.2893,1.5372,1.3138,2.0043,1.4245,5/7/2021,
2019-144,201902,162,2,2,57.9,0,59.9038,1.323,2.1157,1.5312,1.3279,2.0512,1.4544,5/7/2021,
2019-145,201902,162,2,2,59.34,0,57.0401,1.3231,2.3927,1.5786,1.3163,1.8571,1.3991,5/7/2021,R8
2019-146,201902,162,2,2,56.35,0,53.9176,1.3157,2.068,1.538,1.3011,1.8126,1.3893,5/7/2021,R8
2019-150,201902,162,46,2,54.37,0,52.6454,1.3276,1.8361,1.5356,1.3097,1.7528,1.3917,5/11/2021,R8
2019-152,201902,162,46,2,50.24,0,42.8829,1.3293,1.9043,1.5052,1.3223,1.6768,1.3846,5/11/2021,R8
2019-153,201902,162,46,2,57.46,0,59.2625,1.3091,1.998,1.4698,1.3138,1.9075,1.4314,5/11/2021,R8
2019-155,201902,162,46,2,57.26,0,63.1628,1.3154,1.965,1.4993,1.3194,1.8063,1.3964,5/11/2021,R8
2019-156,201902,162,46,2,54.65,0,52.71,1.3223,2.0579,1.5067,1.3229,2.0899,1.4138,5/11/2021,R8
2019-157,201902,162,46,2,51.17,0,47.1899,1.3233,1.9537,1.4713,1.3265,1.707,1.3897,5/11/2021,R8
2019-17,201901,162,177,2,53.46,0,50.8,1.2666,2.2953,1.517,1.2738,1.9163,1.4331,3/19/2021,R12
2019-171,201901,94,126,2,52.34,0,47.552,1.2877,2.1415,1.5122,1.2914,1.5735,1.3427,5/18/2021,R3
2019-172,201901,94,126,2,54.38,0,47.4084,1.29,1.8334,1.4778,1.2791,1.6556,1.3544,5/18/2021,R3
2019-173,201901,94,126,2,57.96,0,61.8707,1.2807,2.2853,1.5504,1.277,1.8483,1.3795,5/18/2021,R3
2019-174,201901,94,126,2,54.51,0,50.7052,1.2836,1.9772,1.5208,1.2843,1.7937,1.3834,5/18/2021,R3
2019-180,201902,162,20,2,56.27,0,55.0765,1.2697,1.8779,1.4533,1.2827,1.8737,1.3803,5/19/2021,R12
2019-181,201902,162,20,2,49.02,0,41.7499,1.2746,2.0457,1.5143,1.2804,1.6845,1.3644,5/19/2021,R12
2019-182,201902,162,20,2,49.5,0,41.8407,1.2688,1.7841,1.4565,1.2682,1.7547,1.3661,5/19/2021,R12
2019-183,201902,162,20,2,55.49,0,55.048,1.284,1.9045,1.4852,1.2778,1.7231,1.3732,5/19/2021,R12
2019-184,201902,162,20,2,57.94,0,69.9369,1.2825,2.1171,1.5788,1.2753,1.7918,1.3826,5/19/2021,R12
2019-185,201901,162,163,2,50.19,0,38.4494,1.2713,1.8607,1.332,1.2811,1.8822,1.3868,5/19/2021,
2019-186,201902,162,1,2,58.03,0,49.2423,1.2867,2.1144,1.4789,1.2798,1.853,1.3798,5/19/2021,
2019-27,201901,94,168,2,50.89,0,41.4,1.2732,1.9774,1.4881,1.2789,1.8288,1.3958,3/22/2021,R123
2019-28,201901,94,166,2,53.78,0,45.7,1.2808,2.2616,1.5145,1.2722,1.8377,1.3754,3/22/2021,R123
2019-29,201901,94,168,2,54.56,0,48.7,1.2773,1.969,1.5195,1.2912,1.9752,1.433,3/22/2021,R123
2019-30,201901,94,171,2,64,0,84.3,1.288,1.9395,1.4505,1.2575,2.0856,1.4112,3/22/2021,R12
2019-31,201901,94,167,2,51.87,0,43.8,1.2939,1.9151,1.4308,1.293,1.9682,1.422,3/22/2021,R12
2019-32,201901,94,171,2,52.59,0,47.7,1.2912,1.945,1.4125,1.289,1.9326,1.3773,3/22/2021,
2019-33,201901,94,166,2,53.3,0,47.2,1.287,2.039,1.4078,1.2754,1.7662,1.3628,3/24/2021,R123
2019-34,201901,94,166,2,50.14,0,42.1,1.2814,1.8198,1.363,1.2738,2.0025,1.4157,3/24/2021,R123
2019-35,201901,94,167,2,53.3,0,49.4,1.2883,1.7987,1.3752,1.2907,1.9405,1.4121,3/24/2021,R123
2019-36,201901,94,167,2,50.64,0,42.2,1.2898,2.1229,1.3756,1.285,1.9699,1.4195,3/24/2021,R123
2019-37,201901,94,167,2,50.51,0,41.4,1.2991,1.8336,1.3908,1.2851,1.8528,1.392,3/24/2021,R123
2019-38,201901,94,168,2,54.81,0,53.1,1.2913,2.1161,1.5351,1.2829,1.8202,1.4008,3/24/2021,R123
2019-39,201901,94,168,2,52.41,0,46.9,1.2848,2.3961,1.4501,1.2965,1.9026,1.4092,3/24/2021,R123
2019-40,201901,94,168,2,50.19,0,43.6,1.2838,1.9903,1.4007,1.2737,1.7962,1.3634,3/24/2021,R123
2019-48,201902,94,1,2,47.83,0,37.5,1.2815,1.7936,1.4026,1.2849,1.8535,1.3873,3/26/2021,R123
2019-49,201902,94,1,2,51.55,0,47.7,1.2684,1.8599,1.4471,1.2785,1.8377,1.3699,3/26/2021,R123
2019-50,201902,94,1,2,51.45,0,43,1.2854,1.9689,1.4587,1.2901,1.9736,1.4271,3/26/2021,R123
2019-51,201902,94,1,2,49.08,0,39.6,1.2884,1.7617,1.4207,1.2857,1.8271,1.381,3/30/2021,R123
2019-52,201902,94,1,2,48.59,0,38.4,1.287,1.8626,1.3894,1.2741,2.0641,1.4187,3/30/2021,R123
2019-53,201902,94,1,2,43.24,0,28,1.2823,1.912,1.4899,1.2897,1.7922,1.3915,3/30/2021,R123
2019-54,201902,94,1,2,49.9,0,39.3,1.2879,1.8198,1.44,1.2644,1.7807,1.3615,3/30/2021,R123
2019-55,201902,94,1,2,48.16,0,38.9,1.29,1.8516,1.5041,1.2876,1.7854,1.3921,3/30/2021,R123
2019-56,201902,94,1,2,50.22,0,40.1,1.2903,1.9308,1.4203,1.2662,1.9316,1.3897,3/30/2021,R123
2019-57,201902,94,1,2,52.24,0,44.8,1.2786,1.8265,1.4248,1.2753,1.9319,1.3982,3/30/2021,R123
2019-58,201902,94,1,2,42.88,0,24.8,1.2591,1.8572,1.3924,1.2808,1.7778,1.3797,3/30/2021,R123
2019-59,201902,94,1,2,51.3,0,45.1,1.2758,1.8567,1.4232,1.2526,1.8556,1.3566,3/30/2021,R123
2019-60,201902,94,1,2,56.04,0,56.1,1.283,2.067,1.5153,1.2809,1.8467,1.3838,3/30/2021,R123
2019-61,201902,94,1,2,51.76,0,44.5,1.2711,1.812,1.4215,1.2991,1.8233,1.3971,3/30/2021,R123
2019-62,201902,162,1,2,53.71,0,47.3,1.3029,1.8591,1.4573,1.2744,1.8935,1.3823,3/30/2021,R123
2019-65,201901,162,178,2,74.64,0,135.1,1.2808,2.2129,1.5995,1.2803,2.1278,1.4708,4/12/2021,very large female and not in the database-possibly tanner?
2019-66,201901,162,178,2,78.67,0,145.7,1.2533,2.1618,1.4028,1.2586,2.2854,1.429,4/12/2021,very large female and not in the database-possibly tanner?
2019-67,201901,162,178,2,78.89,0,141.2,1.2762,2.9093,1.5907,1.2717,2.4099,1.4863,4/12/2021,very large female and not in the database-possibly tanner?
2019-68,201901,162,178,2,75.07,0,127.1,1.2769,2.068,1.4802,1.2937,2.1881,1.4516,4/12/2021,very large female and not in the database-possibly tanner?
2019-69,201902,162,1,2,53.76,0,49.4,1.2769,2.0826,1.479,1.2839,1.9749,1.3884,4/12/2021,
2019-71,201901,162,180,2,72.8,0,114.7,1.2769,2.0792,1.5199,1.285,1.9727,1.4287,4/12/2021,possibly mature female-pull from dataset
2019-72,201902,162,1,2,56.01,0,55.1,1.2988,1.9548,1.4407,1.2853,1.839,1.3707,4/12/2021,
2019-73,201902,162,1,2,54.33,0,49.3,1.2589,1.8265,1.3972,1.2745,1.7837,1.3662,4/16/2021,R12
2019-74,201902,162,1,2,57.59,0,51.8,1.2597,1.9301,1.4617,1.2812,1.8683,1.3737,4/16/2021,R12
2019-75,201902,162,17,2,44.07,0,30.5,1.2856,1.8428,1.4402,1.289,1.7468,1.3768,4/16/2021,R12
2019-76,201902,162,17,2,43.64,0,26.2,1.2658,1.8095,1.3945,1.2658,1.6734,1.345,4/16/2021,R12
2019-77,201902,162,17,2,43.2,0,24,1.267,1.908,1.4279,1.2805,1.6722,1.3559,4/16/2021,R12
2019-78,201902,162,19,2,57.31,0,63.6,1.2561,2.0487,1.4612,1.2595,1.8935,1.3755,4/19/2021,R9
2019-79,201902,162,19,2,47.46,0,36.8,1.2673,1.8167,1.4609,1.2592,1.8009,1.3734,4/19/2021,R10
2019-80,201902,162,19,2,57.93,0,67.8,1.271,1.7996,1.468,1.2686,1.8533,1.3987,4/19/2021,R11
2019-81,201902,162,19,2,46.03,0,33.6,1.2585,1.7177,1.3473,1.2682,1.824,1.3666,4/19/2021,R12
2019-82,201902,162,19,2,44.15,0,27.6,1.2698,1.7119,1.4608,1.2629,1.7286,1.3609,4/19/2021,R13
2019-83,201902,162,19,2,48.28,0,37.1,1.2851,1.9533,1.463,1.2595,1.7628,1.3601,4/19/2021,R14
2019-84,201902,162,19,2,40.82,0,22.9,1.2593,2.1314,1.3923,1.2643,1.6926,1.347,4/19/2021,R15
2019-85,201902,162,19,2,45.46,0,31.1,1.282,1.9656,1.4438,1.2691,1.8044,1.3737,4/20/2021,R123
2019-86,201902,162,19,2,38.37,0,21.92,1.2594,1.7058,1.3543,1.2736,1.6563,1.3499,4/20/2021,R123
2019-87,201902,162,19,2,47.75,0,35.29,1.2672,2.0356,1.4679,1.277,1.8284,1.3861,4/20/2021,R123
2019-88,201902,162,19,2,45.15,0,30.07,1.2604,2.0322,1.4756,1.2515,1.7563,1.3577,4/20/2021,R123
2019-89,201902,162,19,2,41.52,0,23.77,1.2591,1.7418,1.4052,1.2643,1.695,1.3578,4/20/2021,R123
2019-90,201902,162,42,2,44.92,0,29.37,1.2651,1.8822,1.3954,1.2625,1.7219,1.3418,4/20/2021,R123
2019-91,201902,162,42,2,39.11,0,20.67,1.2571,1.8222,1.391,1.2792,1.6835,1.3599,4/20/2021,R123
2019-92,201902,162,42,2,46.98,0,33.68,1.2661,1.8877,1.341,1.2681,1.7694,1.3518,4/20/2021,R123
2019-93,201902,162,42,2,48.55,0,37.57,1.2865,2.2391,1.4449,1.2754,1.7875,1.3626,4/20/2021,R123
2019-94,201902,162,42,2,45.03,0,27.76,1.2723,2.4685,1.3962,1.2757,1.7548,1.354,4/20/2021,R123
2019-95,201902,162,42,2,43.22,0,30.35,1.259,1.9067,1.3363,1.254,1.8243,1.3161,4/20/2021,R123
2019-96,201902,162,42,2,50.09,0,40.6,1.2735,1.9027,1.3758,1.2637,1.7632,1.3471,4/20/2021,
2019-97,201901,162,163,2,54.86,0,NA,1.259,2.152,1.3385,1.2533,1.8664,1.3315,4/26/2021,missing L3
2019-98,201902,162,42,2,41.65,0,25.0451,1.2861,2.2185,1.4959,1.2673,1.6117,1.3336,4/26/2021,
2019-99,201902,162,42,2,48.34,0,37.2111,1.2577,2.0767,1.3788,1.2589,1.7285,1.3328,4/26/2021,R123
AKK-1,202101,162,100,1,96.68,18.45,357,,,,,,,,
AKK-2,202101,162,106,1,89.77,15.22,277,,,,,,,,
AKK-3,202101,162,110,1,102.55,17.95,354,,,,,,,,
AKK-4,202101,162,112,1,92.16,17.05,320,,,,,,,,
AKK-5,202101,162,112,1,95.73,16.75,324,,,,,,,,
AKK-7,202101,162,125,1,88.87,15.44,280,,,,,,,,
AKK-8,202101,162,137,1,76.87,13.44,140,,,,,,,,
AKK-9,202101,162,140,1,77.04,12.91,164,,,,,,,,
AKK-10,202101,162,142,1,77.29,12.8,184,,,,,,,,
AKK-11,202101,162,142,1,81.18,14.07,211,,,,,,,,
AKK-12,202101,162,142,1,85.75,16.97,255,,,,,,,,
AKK-13,202101,162,141,1,78.89,13.77,194,,,,,,,,
AKK-14,202101,162,140,1,84.14,14.66,206,,,,,,,,
AKK-15,202101,162,143,1,76.53,13.8,155,,,,,,,,
AKK-16,202101,162,143,1,83.03,15.52,219,,,,,,,,
AKK-17,202101,162,143,1,79.92,12.58,157,,,,,,,,
AKK-18,202101,162,153,1,94.51,17.76,345,,,,,,,,
AKK-19,202101,162,179,1,72.57,10.3,115,,,,,,,,
AKK-20,202101,162,184,1,90.8,17.6,284,,,,,,,,
AKK-21,202101,162,184,1,97.26,20.1,342,,,,,,,,
AKK-22,202101,162,184,1,100.07,19.62,401,,,,,,,,
AKK-23,202101,162,185,1,92.37,18.93,317,,,,,,,,
AKK-24,202101,162,185,1,86.61,16.12,262,,,,,,,,
AKK-25,202101,162,185,1,88.56,18.78,272,,,,,,,,
AKK-26,202102,162,2,2,57.41,0,58,,,,,,,,
AKK-27,202102,162,2,2,57.59,0,60,,,,,,,,
AKK-28,202102,162,2,2,55.27,0,56,,,,,,,,
AKK-29,202102,162,4,2,53.86,0,47,,,,,,,,
AKK-30,202102,162,4,2,55.57,0,51,,,,,,,,
AKK-31,202102,162,4,2,52.81,0,48,,,,,,,,
AKK-32,202102,162,12,1,58,10.42,63,,,,,,,,
AKK-33,202102,162,12,1,49.62,6.94,30,,,,,,,,
AKK-34,202102,162,12,2,42.14,0,10,,,,,,,,
AKK-35,202102,162,12,2,53.59,0,37,,,,,,,,
AKK-36,202102,162,12,1,55.28,8.89,39,,,,,,,,
AKK-37,202102,162,12,1,52.75,8.33,34,,,,,,,,
AKK-38,202102,162,12,2,49.43,0,26,,,,,,,,
AKK-39,202102,162,12,2,50.28,0,22,,,,,,,,
AKK-40,202102,162,12,2,51.45,0,25,,,,,,,,
AKK-41,202102,162,13,1,63.74,10.75,98,,,,,,,,
AKK-42,202102,162,13,2,56.99,0,47,,,,,,,,
AKK-43,202102,162,13,1,51.12,8.22,54,,,,,,,,
AKK-44,202102,162,13,2,46.88,0,38,,,,,,,,
AKK-45,202102,162,13,1,51.48,8.55,53,,,,,,,,
AKK-46,202102,162,13,2,44.63,0,30,,,,,,,,
AKK-47,202102,162,13,1,51.83,8.9,51,,,,,,,,
AKK-48,202102,162,13,2,44.64,0,32,,,,,,,,bitter
AKK-49,202102,162,14,2,53.16,0,50,,,,,,,,
AKK-50,202102,162,14,1,53.18,8.12,54,,,,,,,,
AKK-51,202102,162,14,2,46.82,0,34,,,,,,,,
AKK-52,202102,162,14,1,51.07,7.22,49,,,,,,,,
AKK-53,202102,162,15,2,51.47,0,40,,,,,,,,
AKK-54,202102,162,14,2,45.67,0,31,,,,,,,,
AKK-55,202102,162,14,1,54.6,8.98,61,,,,,,,,
AKK-56,202102,162,14,2,51.14,0,43,,,,,,,,
AKK-57,202102,162,14,1,54.3,7.24,53,,,,,,,,
AKK-58,202102,162,14,2,50.24,0,41,,,,,,,,
AKK-59,202102,162,14,2,46.48,0,32,,,,,,,,
AKK-60,202102,162,14,2,50.42,0,40,,,,,,,,
AKK-61,202102,162,15,2,47.37,0,35,,,,,,,,
AKK-62,202102,162,15,2,44.46,0,29,,,,,,,,
AKK-63,202102,162,15,1,51.53,8.53,51,,,,,,,,
AKK-64,202102,162,15,1,50.74,7.63,45,,,,,,,,
AKK-65,202102,162,15,2,44.15,0,28,,,,,,,,
AKK-66,202102,162,15,1,52.62,8.32,52,,,,,,,,
AKK-67,202102,162,15,2,46.18,0,33,,,,,,,,
AKK-68,202102,162,15,2,41.08,0,41,,,,,,,,
AKK-69,202102,162,15,2,46.23,0,32,,,,,,,,
AKK-70,202102,162,15,2,45.43,0,33,,,,,,,,
AKK-71,202102,162,18,2,48.39,0,37,,,,,,,,
AKK-72,202102,162,18,1,55.12,9.36,55,,,,,,,,
AKK-73,202102,162,18,2,47.03,0,30,,,,,,,,
AKK-74,202102,162,18,1,52.13,8.83,41,,,,,,,,
AKK-75,202102,162,18,2,47.44,0,36,,,,,,,,
AKK-76,202102,162,18,2,53.99,0,53,,,,,,,,
AKK-77,202102,162,18,2,48.05,0,35,,,,,,,,
AKK-78,202102,162,18,2,48.75,0,39,,,,,,,,
AKK-79,202102,162,18,2,45.06,0,32,,,,,,,,
AKK-80,202102,162,22,2,51.59,0,31,,,,,,,,
AKK-81,202102,162,22,1,53.09,8.19,54,,,,,,,,
AKK-82,202102,162,22,1,50.56,9.29,43,,,,,,,,
AKK-83,202102,162,22,1,50.93,9.04,52,,,,,,,,
AKK-84,202102,162,22,2,46.61,0,33,,,,,,,,
AKK-85,202102,162,22,2,50.49,0,47,,,,,,,,
AKK-86,202102,162,22,2,51.61,0,48,,,,,,,,
AKK-87,202102,162,22,2,46.69,0,32,,,,,,,,
AKK-88,202102,162,22,2,50.18,0,39,,,,,,,,
AKK-89,202102,162,26,2,56.93,0,58,,,,,,,,
AKK-90,202102,162,26,2,55.87,0,59,,,,,,,,
AKK-91,202102,162,26,1,57.44,9.54,66,,,,,,,,
AKK-92,202102,162,26,1,51.94,8.39,49,,,,,,,,
AKK-93,202102,162,26,2,50.36,0,44,,,,,,,,
AKK-94,202102,162,26,2,49.83,0,40,,,,,,,,
AKK-95,202102,162,26,2,46.86,0,35,,,,,,,,
AKK-96,202102,162,26,2,44.55,0,34,,,,,,,,
AKK-97,202102,162,27,2,49.06,0,37,,,,,,,,
AKK-98,202102,162,27,2,54.3,0,47,,,,,,,,
AKK-99,202102,162,27,2,55.07,0,51,,,,,,,,
AKK-100,202102,162,27,2,53.1,0,48,,,,,,,,bitter
AKK-101,202102,162,27,1,53.24,9.65,58,,,,,,,,
AKK-102,202102,162,27,2,46.72,0,32,,,,,,,,
AKK-103,202102,162,27,2,48.77,0,40,,,,,,,,
AKK-104,202102,162,27,2,51.27,0,44,,,,,,,,
AKK-105,202102,162,27,2,43.52,0,29,,,,,,,,
AKK-106,202102,162,28,1,51.34,7.33,50,,,,,,,,
AKK-107,202102,162,28,1,52.68,7.68,44,,,,,,,,
AKK-108,202102,162,28,2,49.91,0,42,,,,,,,,
AKK-109,202102,162,28,2,46.67,0,33,,,,,,,,
AKK-110,202102,162,28,2,47346,0,35,,,,,,,,
AKK-111,202102,162,28,2,52.97,0,45,,,,,,,,bitter
AKK-112,202102,162,28,2,46.29,0,28,,,,,,,,
AKK-113,202102,162,28,2,46.96,0,34,,,,,,,,
AKK-114,202102,162,28,2,48.03,0,37,,,,,,,,
AKK-115,202102,162,29,2,54.73,0,48,,,,,,,,
AKK-116,202102,162,29,2,57.04,0,55,,,,,,,,
AKK-117,202102,162,29,2,53.57,0,44,,,,,,,,
AKK-118,202102,162,29,1,59.35,9.82,70,,,,,,,,
AKK-119,202102,162,29,1,50.79,7.9,49,,,,,,,,
AKK-120,202102,162,29,2,60.6,0,68,,,,,,,,
AKK-121,202102,162,29,2,57.34,0,55,,,,,,,,
AKK-122,202102,162,29,2,53.65,0,49,,,,,,,,
AKK-123,202102,162,29,2,50.47,0,41,,,,,,,,
AKK-124,202102,162,29,2,50.42,0,40,,,,,,,,
AKK-125,202102,162,29,2,49.69,0,37,,,,,,,,
AKK-126,202102,162,29,2,51.79,0,44,,,,,,,,
AKK-127,202102,162,29,2,46.09,0,31,,,,,,,,
AKK-128,202102,162,33,2,51.19,0,49,,,,,,,,
AKK-129,202102,162,33,1,58.62,9.91,73,,,,,,,,
AKK-130,202102,162,33,1,58.55,9.64,76,,,,,,,,
AKK-131,202102,162,33,1,52.75,8.6,60,,,,,,,,
AKK-132,202102,162,33,1,55.79,9.49,67,,,,,,,,
AKK-133,202102,162,33,1,58.73,9.44,74,,,,,,,,
AKK-134,202102,162,33,1,56.56,8.92,69,,,,,,,,
AKK-135,202102,162,33,1,55.95,9.39,68,,,,,,,,
AKK-136,202102,162,33,1,58.66,8.39,74,,,,,,,,
AKK-137,202102,162,33,1,67.03,11.6,116,,,,,,,,
AKK-138,202102,162,33,2,54.26,0,54,,,,,,,,
AKK-139,202102,162,33,2,54.08,0,56,,,,,,,,
AKK-140,202102,162,33,2,51.93,0,44,,,,,,,,
VA-1,202101,94,104,1,73.57,14.42,164,,,,,,,,
VA-2,202101,94,104,1,80.83,16.55,200,,,,,,,,
VA-3,202101,94,105,1,84.45,13.96,212,,,,,,,,
VA-4,202101,94,105,1,87.83,16.69,238,,,,,,,,
VA-5,202101,94,107,1,93.36,18.15,288,,,,,,,,
VA-6,202101,94,104,1,83.35,15.93,196,,,,,,,,
VA-7,202101,94,105,1,91.8,17.38,280,,,,,,,,
VA-8,202101,94,105,1,84.61,16.26,224,,,,,,,,
VA-9,202101,94,128,1,85.79,15.29,226,,,,,,,,
VA-10,202101,94,104,1,78.88,15.53,188,,,,,,,,
VA-11,202101,94,106,1,91.8,18,294,,,,,,,,
VA-12,202101,94,106,1,91.84,17.74,294,,,,,,,,
VA-13,202101,94,103,1,73.35,13.76,146,,,,,,,,
VA-14,202101,94,107,1,92.74,16.5,266,,,,,,,,
VA-15,202101,94,105,1,87.73,17.03,246,,,,,,,,
VA-16,202101,94,106,1,95.31,17.71,304,,,,,,,,
VA-17,202101,94,128,1,88.47,14.77,240,,,,,,,,
VA-18,202101,94,107,1,94.32,18.32,270,,,,,,,,
VA-19,202101,94,128,1,88.85,17.43,258,,,,,,,,
VA-20,202101,94,103,1,72.15,12.9,134,,,,,,,,
VA-21,202101,94,106,1,90.17,17.64,270,,,,,,,,
VA-22,202101,94,128,1,86.6,16.53,240,,,,,,,,
VA-23,202101,94,105,1,88.71,16.85,248,,,,,,,,
VA-24,202101,94,107,1,93.29,17.1,NA,,,,,,,,
VA-25,202101,94,106,1,80.61,15.91,200,,,,,,,,
VA-26,202101,94,107,1,94.23,19.12,318,,,,,,,,
VA-27,202101,94,107,1,91.12,18.11,NA,,,,,,,,
VA-28,202101,94,113,1,86.41,15.7,220,,,,,,,,
VA-29,202101,94,106,1,91.6,17.72,284,,,,,,,,
VA-30,202101,94,104,1,86.27,15.7,206,,,,,,,,
VA-31,202101,94,42,1,89.65,15.65,270,,,,,,,,
VA-32,202101,94,137,1,93.86,16.29,NA,,,,,,,,
VA-33,202101,94,129,1,83.67,17.06,236,,,,,,,,
VA-34,202101,94,129,1,86.17,16.5,214,,,,,,,,
VA-35,202101,94,136,1,84.31,15.32,NA,,,,,,,,
VA-36,202101,94,128,1,85.02,16.03,238,,,,,,,,
VA-37,202101,94,150,1,87.9,15.27,248,,,,,,,,
VA-38,202101,94,134,1,88.7,17.99,266,,,,,,,,
VA-39,202101,94,142,1,89.76,16.4,276,,,,,,,,
VA-40,202101,94,136,1,78.81,14.72,NA,,,,,,,,
VA-41,202101,94,137,1,70.37,13.38,144,,,,,,,,
VA-42,202101,94,134,1,87.42,16.62,232,,,,,,,,
VA-43,202101,94,129,1,81.27,15.67,206,,,,,,,,
VA-44,202101,94,142,1,93.03,17.04,286,,,,,,,,
VA-45,202101,94,142,1,87.4,15.79,262,,,,,,,,
VA-46,202101,94,128,1,86.96,15.03,238,,,,,,,,
VA-47,202101,94,129,1,82.07,16.3,206,,,,,,,,
VA-48,202101,94,142,1,88.1,16.61,264,,,,,,,,
VA-49,202101,94,142,1,92.21,18.07,292,,,,,,,,
VA-50,202101,94,134,1,90.79,16.76,250,,,,,,,,
VA-51,202101,94,134,1,88.37,15.95,228,,,,,,,,
VA-52,202101,94,132,1,82.81,14.45,NA,,,,,,,,
VA-53,202101,94,134,1,90.04,17.33,258,,,,,,,,
VA-54,202101,94,134,1,88.46,16.53,242,,,,,,,,
VA-55,202101,94,132,1,85.5,15.44,NA,,,,,,,,
VA-56,202101,94,129,1,86.1,16.52,242,,,,,,,,
VA-57,202101,94,132,1,81.6,14.66,198,,,,,,,,
VA-58,202101,94,138,1,89.9,16.71,NA,,,,,,,,
VA-59,202101,94,132,1,85.27,14.66,NA,,,,,,,,
VA-60,202101,94,129,1,88.17,17.31,252,,,,,,,,
VA-61,202101,94,165,1,95.84,17.7,NA,,,,,,,,
VA-62,202101,94,174,1,76.9,14.61,184,,,,,,,,
VA-63,202101,94,174,1,94.07,18.2,286,,,,,,,,
VA-64,202101,94,167,2,58.17,0,62,,,,,,,,
VA-65,202101,94,172,1,80.97,15.04,216,,,,,,,,
VA-66,202101,94,174,1,91.41,16.21,262,,,,,,,,
VA-67,202101,94,173,1,87.1,16.7,244,,,,,,,,
VA-68,202101,94,151,1,90.42,17.36,NA,,,,,,,,
VA-69,202101,94,173,1,88.44,16.01,228,,,,,,,,
VA-70,202101,94,151,1,82.59,15.09,218,,,,,,,,
VA-71,202101,94,151,1,92.65,17.76,NA,,,,,,,,
VA-72,202101,94,173,1,88.1,15.11,248,,,,,,,,
VA-73,202101,94,150,1,88.57,16.62,264,,,,,,,,
VA-74,202101,94,176,1,86.91,16.81,NA,,,,,,,,
VA-75,202101,94,174,1,88.57,17.21,NA,,,,,,,,
VA-76,202101,94,151,1,84.43,14.19,NA,,,,,,,,
VA-77,202101,94,175,1,88.19,17.38,272,,,,,,,,
VA-78,202101,94,150,1,82.17,15.3,NA,,,,,,,,
VA-79,202101,94,173,1,85.24,16.81,256,,,,,,,,
VA-80,202101,94,173,1,95.27,17.11,288,,,,,,,,
VA-81,202101,94,151,1,93.23,16.84,NA,,,,,,,,
VA-82,202101,94,153,1,91.89,NA,336,,,,,,,,
VA-83,202101,94,171,1,82.86,14.37,NA,,,,,,,,
VA-84,202101,94,150,1,88.2,16,262,,,,,,,,
VA-85,202101,94,150,1,96.1,19.31,NA,,,,,,,,
VA-86,202101,94,173,1,94.41,17.11,302,,,,,,,,
VA-87,202101,94,171,1,83.53,15.69,228,,,,,,,,
VA-88,202101,94,150,1,90.11,17.72,270,,,,,,,,
VA-89,202101,94,153,1,92.21,NA,284,,,,,,,,
VA-90,202101,94,175,1,93.37,17.21,306,,,,,,,,
VA-91,202101,94,188,1,92.83,16.83,NA,,,,,,,,
VA-92,202101,94,186,1,78.6,15.11,204,,,,,,,,
VA-93,202101,94,176,1,82.22,17.61,264,,,,,,,,
VA-94,202101,94,177,1,89.92,17,282,,,,,,,,
VA-95,202101,94,176,1,81.11,15.3,200,,,,,,,,
VA-96,202101,94,176,1,75.9,13.51,166,,,,,,,,
VA-97,202101,94,177,1,83.86,15.96,NA,,,,,,,,
VA-98,202101,94,189,1,93.11,16.4,280,,,,,,,,
VA-99,202101,94,186,1,91.37,17.9,308,,,,,,,,
VA-100,202101,94,189,1,81.47,14.71,198,,,,,,,,
VA-101,202101,94,191,1,86.61,16.78,208,,,,,,,,
VA-102,202101,94,189,1,92.31,17.6,276,,,,,,,,
VA-103,202101,94,191,1,90.77,18.45,302,,,,,,,,
VA-104,202101,94,190,1,87.91,15.98,NA,,,,,,,,
VA-105,202101,94,187,1,91.25,17.83,NA,,,,,,,,
VA-106,202101,94,188,1,86.66,16.5,NA,,,,,,,,
VA-107,202101,94,187,1,81.06,15.14,216,,,,,,,,
VA-108,202101,94,176,1,85.87,18.34,294,,,,,,,,
VA-109,202101,94,190,1,80.31,13.91,190,,,,,,,,
VA-110,202101,94,189,1,82.01,15.97,202,,,,,,,,
VA-111,202101,94,190,1,94.01,16.45,NA,,,,,,,,
VA-112,202101,94,189,1,93.18,18.11,298,,,,,,,,
VA-113,202101,94,191,1,94.88,17.64,320,,,,,,,,
VA-114,202101,94,177,1,94.06,17.01,NA,,,,,,,,
VA-115,202101,94,189,1,90.57,17.67,278,,,,,,,,
VA-116,202101,94,187,1,70.75,12.94,138,,,,,,,,
VA-117,202101,94,190,1,86.54,16.34,NA,,,,,,,,
VA-118,202101,94,190,1,92.79,15.82,NA,,,,,,,,
VA-119,202101,94,190,1,89.61,17.97,300,,,,,,,,
VA-120,202101,94,176,1,92.31,13,290,,,,,,,,
VA-121,202101,94,192,1,88.64,15.22,256,,,,,,,,
VA-122,202101,94,193,2,51.91,0,52,,,,,,,,
VA-123,202101,94,193,2,56.09,0,58,,,,,,,,
VA-124,202101,94,193,2,53.58,0,48,,,,,,,,
VA-125,202101,94,193,2,52.48,0,48,,,,,,,,
VA-126,202101,94,193,2,49.59,0,44,,,,,,,,
VA-127,202101,94,193,2,51.43,0,48,,,,,,,,
VA-128,202101,94,193,2,49.26,0,44,,,,,,,,
VA-129,202101,94,192,1,88.35,15.62,234,,,,,,,,
VA-130,202101,94,193,2,46.84,0,36,,,,,,,,
VA-131,202101,94,191,1,91.95,17.73,274,,,,,,,,
VA-132,202101,94,191,1,92.47,16.56,248,,,,,,,,
VA-133,202101,94,193,2,51.79,0,44,,,,,,,,
VA-134,202101,94,193,2,55.44,0,62,,,,,,,,
VA-135,202101,94,192,1,92.23,16.69,NA,,,,,,,,
VA-136,202101,94,193,2,46.17,0,36,,,,,,,,
VA-137,202101,94,192,1,90.81,16.75,NA,,,,,,,,
VA-138,202101,94,193,2,55.61,0,56,,,,,,,,
VA-139,202101,94,191,1,90.34,17.14,288,,,,,,,,
VA-140,202101,94,192,1,82.23,12.79,194,,,,,,,,
VA-141,202101,94,194,2,47.3,0,38,,,,,,,,
VA-142,202101,94,195,2,44.36,0,30,,,,,,,,
VA-143,202102,94,1,1,52.4,9.51,NA,,,,,,,,
VA-144,202101,94,195,2,46.55,0,34,,,,,,,,
VA-145,202102,94,1,2,46.21,0,32,,,,,,,,
VA-146,202102,94,1,2,47.69,0,34,,,,,,,,
VA-147,202102,94,1,2,43.21,0,28,,,,,,,,
VA-148,202102,94,1,1,62.4,11.21,90,,,,,,,,
VA-149,202102,94,1,1,55.49,10.01,NA,,,,,,,,
VA-150,202102,94,1,2,43.45,0,28,,,,,,,,
VA-151,202102,94,1,1,56.11,10,NA,,,,,,,,
VA-152,202101,94,193,2,53.19,0,50,,,,,,,,
VA-153,202102,94,1,1,52.21,8.61,54,,,,,,,,
VA-154,202101,94,193,2,52.27,0,44,,,,,,,,
VA-155,202102,94,1,1,51.24,8.71,NA,,,,,,,,
VA-156,202102,94,1,2,52.05,0,NA,,,,,,,,
VA-157,202101,94,193,2,52.52,0,52,,,,,,,,
VA-158,202101,94,193,2,52.93,0,50,,,,,,,,
VA-159,202101,94,194,2,46..89,0,32,,,,,,,,
VA-160,202101,94,194,2,47.07,0,NA,,,,,,,,
VA-161,202102,94,1,2,41.99,0,34,,,,,,,,
VA-162,202102,94,1,2,43.14,0,32,,,,,,,,
VA-163,202102,94,1,2,44.07,0,26,,,,,,,,
VA-164,202102,94,1,2,44.04,0,26,,,,,,,,
VA-165,202102,94,1,2,44.05,0,28,,,,,,,,
VA-166,202102,94,6,2,56.45,0,60,,,,,,,,
VA-167,202102,94,6,1,77.04,16.63,NA,,,,,,,,
VA-168,202102,94,6,2,54.11,0,56,,,,,,,,
VA-169,202102,94,6,1,78.37,14.81,NA,,,,,,,,
VA-170,202102,94,6,1,73.21,12.93,124,,,,,,,,
VA-171,202102,94,6,1,87.59,16.7,242,,,,,,,,
VA-172,202102,94,6,2,60.03,0,70,,,,,,,,
VA-173,202102,94,6,1,78.76,15.21,180,,,,,,,,
VA-174,202102,94,6,1,76.33,14.43,152,,,,,,,,
VA-175,202102,94,6,1,70.87,13.44,NA,,,,,,,,
VA-176,202102,94,5,2,54.31,0,52,,,,,,,,
VA-177,202102,94,5,1,52.44,8.09,50,,,,,,,,
VA-178,202102,94,6,1,75.18,14.37,NA,,,,,,,,
VA-179,202102,94,5,1,55.68,9.21,NA,,,,,,,,
VA-180,202102,94,5,1,51.87,8.85,NA,,,,,,,,
VA-181,202102,94,5,2,55.21,0,52,,,,,,,,
VA-182,202102,94,5,1,52.65,8.9,54,,,,,,,,
VA-183,202102,94,5,2,52.47,0,48,,,,,,,,
VA-184,202102,94,5,2,55.83,0,56,,,,,,,,
VA-185,202102,94,5,2,50.23,0,42,,,,,,,,
VA-186,202102,94,23,2,43.71,0,28,,,,,,,,
VA-187,202102,94,6,2,58.3,0,66,,,,,,,,
VA-188,202102,94,5,1,57.64,9.7,NA,,,,,,,,
VA-189,202102,94,5,2,50.35,0,42,,,,,,,,
VA-190,202102,94,6,1,83.74,16.19,228,,,,,,,,
VA-191,202102,94,27,2,49.56,0,36,,,,,,,,
VA-192,202102,94,25,1,53.69,8.96,NA,,,,,,,,
VA-193,202102,94,25,1,51.75,8.78,NA,,,,,,,,
VA-194,202102,94,27,2,43.01,0,24,,,,,,,,
VA-195,202102,94,27,1,57.54,10.62,72,,,,,,,,
VA-196,202102,94,27,2,42.71,0,NA,,,,,,,,
VA-197,202102,94,27,2,49.08,0,36,,,,,,,,
VA-198,202102,94,24,1,45.89,9.41,38,,,,,,,,
VA-199,202102,94,29,2,42.74,0,24,,,,,,,,
VA-200,202102,94,25,2,54.78,0,50,,,,,,,,
VA-201,202102,94,24,2,42.89,0,NA,,,,,,,,
VA-202,202102,94,27,2,50.43,0,42,,,,,,,,
VA-203,202102,94,25,2,55.97,0,54,,,,,,,,
VA-204,202102,94,27,2,47.69,0,34,,,,,,,,
VA-205,202102,94,25,1,52.26,8.86,52,,,,,,,,
VA-206,202102,94,27,2,42.05,0,26,,,,,,,,
VA-207,202102,94,25,1,55.14,10.81,70,,,,,,,,
VA-208,202102,94,23,2,42.8,0,26,,,,,,,,
VA-209,202102,94,27,2,52.2,0,44,,,,,,,,
VA-210,202102,94,25,2,46.9,0,34,,,,,,,,
VA-211,202102,94,25,2,51.49,0,44,,,,,,,,
VA-212,202102,94,24,2,43.04,0,28,,,,,,,,
VA-213,202102,94,25,2,55.21,0,56,,,,,,,,
VA-214,202102,94,29,2,42.12,0,22,,,,,,,,
VA-215,202102,94,25,2,43.97,0,28,,,,,,,,
VA-216,202102,94,27,2,55.59,0,54,,,,,,,,
VA-217,202102,94,24,2,41.63,0,NA,,,,,,,,
VA-218,202102,94,24,2,43.57,0,30,,,,,,,,
VA-219,202102,94,24,2,43.68,0,26,,,,,,,,
VA-220,202102,94,23,1,51.04,8.41,NA,,,,,,,,
VA-222,202102,94,30,2,43.59,0,30,,,,,,,,
VA-225,202102,94,29,2,45.26,0,30,,,,,,,,
VA-226,202102,94,31,1,53.5,8.72,52,,,,,,,,
VA-228,202102,94,31,1,50.44,8,42,,,,,,,,
VA-231,202102,94,34,1,47.86,7.88,38,,,,,,,,
VA-235,202102,94,31,1,50.34,8.43,50,,,,,,,,
VA-236,202102,94,29,2,45,0,28,,,,,,,,
VA-237,202102,94,29,2,41.78,0,24,,,,,,,,
VA-240,202102,94,34,1,50.33,8.65,NA,,,,,,,,
AKK-1,202202,162,1,1,56.96,10.1,70,,,,,,,,
AKK-2,202202,162,1,1,57.97,9.94,67,,,,,,,,
AKK-3,202202,162,1,1,56.79,10.65,69,,,,,,,,
AKK-4,202202,162,1,1,56.62,10.15,65,,,,,,,,
AKK-5,202202,162,1,2,45.48,0,35,,,,,,,,
AKK-6,202202,162,1,2,45.12,0,32,,,,,,,,
AKK-7,202202,162,1,2,50.31,0,41,,,,,,,,
AKK-8,202202,162,1,2,45.45,0,31,,,,,,,,
AKK-9,202202,162,1,2,43.03,0,25,,,,,,,,
AKK-10,202202,162,1,2,43.78,0,28,,,,,,,,
AKK-11,202202,162,2,2,45.29,0,33,,,,,,,,
AKK-12,202202,162,2,2,48.7,0,39,,,,,,,,
AKK-13,202202,162,2,2,46.46,0,34,,,,,,,,
AKK-14,202202,162,2,2,47.32,0,38,,,,,,,,
AKK-15,202202,162,2,2,48.22,0,37,,,,,,,,
AKK-16,202202,162,2,2,46.38,0,35,,,,,,,,
AKK-17,202202,162,2,1,54.25,9.4,62,,,,,,,,
AKK-18,202202,162,2,1,52.92,9.12,54,,,,,,,,
AKK-19,202202,162,2,1,63.85,11.36,89,,,,,,,,
AKK-20,202202,162,2,1,55.61,9.68,66,,,,,,,,
AKK-21,202202,162,3,2,43.64,0,26,,,,,,,,
AKK-22,202202,162,3,2,48.65,0,39,,,,,,,,
AKK-23,202202,162,3,2,45.21,0,29,,,,,,,,
AKK-24,202202,162,3,2,44.24,0,25,,,,,,,,
AKK-25,202202,162,3,2,46.75,0,31,,,,,,,,
AKK-26,202202,162,3,1,61.41,10.93,88,,,,,,,,
AKK-27,202202,162,3,1,58.1,10.08,71,,,,,,,,
AKK-28,202202,162,3,1,65.83,10.52,98,,,,,,,,
AKK-29,202202,162,3,1,54.37,9.09,58,,,,,,,,
AKK-30,202202,162,3,1,55.6,9.68,67,,,,,,,,
AKK-31,202202,162,4,1,64.47,11.47,95,,,,,,,,
AKK-32,202202,162,4,2,50.36,0,40,,,,,,,,
AKK-33,202202,162,4,1,56.22,8.77,64,,,,,,,,
AKK-34,202202,162,4,2,45.01,0,31,,,,,,,,
AKK-35,202202,162,4,1,56.18,9.3,60,,,,,,,,
AKK-36,202202,162,4,2,45.13,0,29,,,,,,,,
AKK-37,202202,162,4,2,46.41,0,35,,,,,,,,
AKK-38,202202,162,4,2,47.26,0,33,,,,,,,,
AKK-39,202202,162,6,1,55.76,8.73,61,,,,,,,,
AKK-40,202202,162,6,2,46.74,0,33,,,,,,,,
AKK-41,202202,162,20,1,58.69,9.38,73,,,,,,,,
AKK-42,202202,162,20,1,52.65,9.62,61,,,,,,,,
AKK-43,202202,162,20,1,50.02,8.46,44,,,,,,,,
AKK-44,202202,162,15,2,54.94,0,56,,,,,,,,bitter
AKK-45,202202,162,15,2,52.44,0,46,,,,,,,,
AKK-46,202202,162,15,2,55.97,0,57,,,,,,,,
AKK-47,202202,162,14,1,55.86,9.45,67,,,,,,,,
AKK-48,202202,162,14,1,51.63,8.12,51,,,,,,,,
AKK-49,202202,162,14,1,57.26,9.66,70,,,,,,,,
AKK-50,202202,162,14,1,54.3,10.11,65,,,,,,,,
AKK-51,202202,162,21,2,40.98,0,24,,,,,,,,
AKK-52,202202,162,21,1,47.16,7.11,37,,,,,,,,bitter
AKK-53,202202,162,21,1,49.83,5.66,44,,,,,,,,bitter
AKK-54,202202,162,23,1,50.57,8.43,52,,,,,,,,
AKK-55,202202,162,23,1,59.01,9.48,77,,,,,,,,
AKK-56,202202,162,23,2,43.74,0,27,,,,,,,,
AKK-57,202202,162,23,1,52.39,8.55,52,,,,,,,,
AKK-58,202202,162,23,2,44.06,0,27,,,,,,,,
AKK-59,202202,162,23,2,46.35,0,33,,,,,,,,
AKK-60,202202,162,23,2,44.57,0,29,,,,,,,,
AKK-61,202202,162,39,1,54.79,8.86,62,,,,,,,,
AKK-62,202202,162,39,1,54.43,9.04,61,,,,,,,,
AKK-63,202202,162,39,1,45.83,7.6,34,,,,,,,,
AKK-64,202202,162,39,2,46.35,0,33,,,,,,,,
AKK-65,202202,162,39,2,46.88,0,35,,,,,,,,
AKK-66,202202,162,39,2,44.96,0,33,,,,,,,,
AKK-67,202202,162,39,2,43.43,0,29,,,,,,,,
AKK-68,202202,162,36,1,60.36,12.03,85,,,,,,,,
AKK-69,202202,162,36,1,54.2,10.55,61,,,,,,,,
AKK-70,202202,162,36,1,55.56,8.75,59,,,,,,,,
AKK-71,202202,162,36,2,49.24,0,38,,,,,,,,
AKK-72,202202,162,36,2,46.92,0,37,,,,,,,,
AKK-73,202202,162,36,2,45.09,0,30,,,,,,,,
AKK-74,202202,162,36,2,42.08,0,29,,,,,,,,
AKK-75,202202,162,36,2,40.16,0,23,,,,,,,,
AKK-76,202202,162,36,1,53.7,8.48,59,,,,,,,,
AKK-77,202202,162,36,1,52.05,8.8,54,,,,,,,,
AKK-78,202202,162,43,2,47.45,0,41,,,,,,,,
AKK-79,202202,162,43,2,44.28,0,33,,,,,,,,
AKK-80,202202,162,43,2,46.54,0,36,,,,,,,,
AKK-81,202202,162,40,1,52.59,8.74,58,,,,,,,,
AKK-82,202202,162,40,1,55.49,10.36,72,,,,,,,,
AKK-83,202202,162,22,1,57.07,9.03,68,,,,,,,,
AKK-84,202202,162,22,1,48.91,7.44,36,,,,,,,,
AKK-85,202202,162,22,1,46.69,6.94,29,,,,,,,,
AKK-86,202202,162,22,1,47.68,7.61,36,,,,,,,,
AKK-87,202202,162,22,1,44.72,6.84,29,,,,,,,,
AKK-88,202202,162,22,1,47.56,7.7,32,,,,,,,,
AKK-89,202202,162,22,1,45.91,7.24,32,,,,,,,,
AKK-90,202202,162,31,1,51.19,10.6,52,,,,,,,,
AKK-161,202201,162,120,1,84.28,15.07,234,,,,,,,,close to molting
AKK-162,202201,162,123,1,98.91,18.48,348,,,,,,,,
AKK-163,202201,162,186,2,41.01,0,29,,,,,,,,
AKK-164,202201,162,192,2,46.06,0,32,,,,,,,,
AKK-165,202201,162,124,1,93.41,17.06,231,,,,,,,,
AKK-166,202201,162,193,1,74.52,13.26,159,,,,,,,,
AKK-167,202201,162,192,2,57.73,0,66,,,,,,,,
AKK-168,202201,162,192,2,52.02,0,47,,,,,,,,
AKK-169,202201,162,192,2,59.76,0,72,,,,,,,,
AKK-170,202201,162,126,1,90.57,17.17,337,,,,,,,,
AKK-171,202201,162,190,1,99.08,18.71,364,,,,,,,,
AKK-172,202201,162,150,1,99.68,18.86,342,,,,,,,,
AKK-173,202201,162,193,1,72.52,13.68,145,,,,,,,,
AKK-174,202201,162,129,1,94.22,17.41,340,,,,,,,,
AKK-175,202201,162,186,2,32,0,43.7,,,,,,,,
AKK-177,202201,162,164,1,75.45,13.44,163,,,,,,,,
AKK-178,202201,162,157,1,75.68,13.24,187,,,,,,,,
AKK-179,202201,162,151,1,89.51,16.56,265,,,,,,,,
AKK-180,202201,162,193,2,56.2,0,60,,,,,,,,
AKK-181,202201,162,192,1,113.18,22.52,591,,,,,,,,
AKK-182,202201,162,151,1,83.96,16.71,252,,,,,,,,
AKK-183,202201,162,190,1,107.01,21.31,451,,,,,,,,
AKK-184,202201,162,128,1,93.14,18.31,211,,,,,,,,
AKK-185,202201,162,151,1,75.34,12.28,159,,,,,,,,
AKK-186,202201,162,153,1,94.9,19.13,374,,,,,,,,
AKK-188,202201,162,186,2,58.05,0,71,,,,,,,,
AKK-190,202201,162,151,1,78.44,14.23,195,,,,,,,,
AKK-191,202201,162,192,2,47.61,0,25,,,,,,,,
AKK-192,202201,162,151,1,85.78,14.12,241,,,,,,,,
AKK-193,202201,162,127,1,104.35,19.36,397,,,,,,,,
AKK-194,202201,162,127,1,98.57,18.28,268,,,,,,,,
AKK-195,202201,162,151,1,80.79,19.49,194,,,,,,,,
AKK-196,202201,162,189,1,84.07,13.27,191,,,,,,,,
AKK-197,202201,162,192,2,51.71,0,45,,,,,,,,
AKK-198,202201,162,127,1,95.81,17.86,256,,,,,,,,
AKK-199,202201,162,127,1,96.21,17.5,220,,,,,,,,
AKK-200,202201,162,123,1,87.15,15.57,NA,,,,,,,,
VA-1,202201,94,110,2,59.11,0,NA,,,,,,,,
VA-2,202201,94,94,2,50.31,0,NA,,,,,,,,
VA-3,202201,94,94,2,52.4,0,NA,,,,,,,,
VA-4,202201,94,115,1,85.13,16.39,NA,,,,,,,,molting
VA-5,202201,94,134,1,76.8,15.33,186,,,,,,,,
VA-6,202201,94,94,2,53.77,0,NA,,,,,,,,
VA-7,202201,94,116,2,48.03,0,NA,,,,,,,,
VA-8,202201,94,112,1,91.56,16.92,NA,,,,,,,,SC3- skip molt?
VA-9,202201,94,110,2,47.25,0,34,,,,,,,,
VA-10,202201,94,136,1,90.56,14.37,NA,,,,,,,,
VA-11,202201,94,136,1,74.13,10.66,NA,,,,,,,,
VA-12,202201,94,112,2,51.4,0,NA,,,,,,,,
VA-13,202201,94,137,1,82.5,12.78,186,,,,,,,,
VA-14,202201,94,97,2,45.47,0,NA,,,,,,,,
VA-15,202201,94,94,2,49.17,0,NA,,,,,,,,
VA-16,202201,94,94,2,49.47,0,NA,,,,,,,,
VA-17,202201,94,142,1,84.01,11.15,222,,,,,,,,
VA-18,202201,94,117,2,53.74,0,NA,,,,,,,,
VA-19,202201,94,142,1,71.89,10.38,148,,,,,,,,
VA-20,202201,94,93,2,50.38,0,NA,,,,,,,,
VA-21,202201,94,138,1,73,11.05,128,,,,,,,,
VA-22,202201,94,107,1,93.06,16.66,NA,,,,,,,,
VA-23,202201,94,138,1,73.13,10.12,124,,,,,,,,
VA-24,202201,94,116,2,50.48,0,NA,,,,,,,,
VA-25,202201,94,142,2,57.41,0,NA,,,,,,,,
VA-26,202201,94,142,1,70.75,10.18,124,,,,,,,,
VA-27,202201,94,112,2,46.02,0,NA,,,,,,,,
VA-28,202201,94,140,1,75.04,12.58,146,,,,,,,,
VA-29,202201,94,142,2,56.36,0,58,,,,,,,,
VA-30,202201,94,135,1,92.7,18.74,328,,,,,,,,
VA-31,202201,94,135,1,71.72,11.92,138,,,,,,,,
VA-32,202201,94,142,1,73.24,10.9,NA,,,,,,,,
VA-33,202201,94,142,1,79.32,12.53,174,,,,,,,,
VA-34,202201,94,142,2,60.02,0,66,,,,,,,,
VA-35,202201,94,138,1,74.69,11.27,144,,,,,,,,
VA-36,202201,94,142,1,78.2,11.87,184,,,,,,,,
VA-37,202201,94,116,2,43.71,0,NA,,,,,,,,
VA-38,202201,94,138,1,85.92,13.37,202,,,,,,,,
VA-39,202201,94,138,1,78.46,11.95,176,,,,,,,,
VA-40,202201,94,138,1,77.42,11.01,164,,,,,,,,
VA-41,202201,94,149,2,54.39,0,52,,,,,,,,
VA-42,202201,94,143,1,76.53,12.17,172,,,,,,,,
VA-43,202201,94,148,2,51.15,0,NA,,,,,,,,
VA-44,202201,94,156,2,55.66,0,NA,,,,,,,,
VA-45,202201,94,156,1,80.16,12.22,162,,,,,,,,
VA-46,202201,94,156,2,49.03,0,40,,,,,,,,
VA-47,202201,94,148,2,49.58,0,NA,,,,,,,,
VA-48,202201,94,148,2,48.21,0,NA,,,,,,,,
VA-49,202201,94,148,1,74.39,10.7,NA,,,,,,,,
VA-50,202201,94,149,2,50.95,0,42,,,,,,,,
VA-51,202201,94,147,2,52.25,0,46,,,,,,,,
VA-52,202201,94,144,1,72.14,10.42,NA,,,,,,,,
VA-53,202201,94,143,1,83.19,11.75,220,,,,,,,,
VA-54,202201,94,143,1,84.07,12.55,216,,,,,,,,
VA-55,202201,94,155,2,47.76,0,32,,,,,,,,
VA-56,202201,94,156,1,72.44,10.59,130,,,,,,,,
VA-57,202201,94,148,2,48.21,0,36,,,,,,,,
VA-58,202201,94,139,1,71.07,12.97,150,,,,,,,,
VA-59,202201,94,147,1,75.99,13.85,170,,,,,,,,
VA-60,202201,94,143,1,83.67,12.89,NA,,,,,,,,
VA-61,202201,94,156,1,76.71,11.31,158,,,,,,,,
VA-62,202201,94,154,2,48.69,0,NA,,,,,,,,
VA-63,202201,94,143,1,78.09,12.31,184,,,,,,,,
VA-64,202201,94,147,1,85.2,13.62,198,,,,,,,,
VA-65,202201,94,155,2,47.69,0,36,,,,,,,,
VA-66,202201,94,147,2,52.51,0,48,,,,,,,,
VA-67,202201,94,148,2,47.35,0,34,,,,,,,,
VA-68,202201,94,147,2,45.25,0,30,,,,,,,,
VA-69,202201,94,155,2,49.78,0,NA,,,,,,,,
VA-70,202201,94,147,2,51.16,0,46,,,,,,,,
VA-71,202201,94,147,2,49.39,0,NA,,,,,,,,
VA-72,202201,94,156,1,75.63,11.43,156,,,,,,,,
VA-73,202201,94,148,2,54.48,0,NA,,,,,,,,
VA-74,202201,94,143,1,73.82,10.33,142,,,,,,,,
VA-75,202201,94,156,1,74.13,11.32,140,,,,,,,,
VA-76,202201,94,148,2,49.67,0,NA,,,,,,,,
VA-77,202201,94,156,1,80.54,12.61,186,,,,,,,,
VA-78,202201,94,148,1,75.86,14.24,180,,,,,,,,
VA-79,202201,94,140,2,45.49,0,NA,,,,,,,,
VA-80,202201,94,155,2,46.87,0,36,,,,,,,,
VA-81,202201,94,154,2,81.61,0,NA,,,,,,,,
VA-82,202201,94,154,2,47.69,0,30,,,,,,,,
VA-83,202201,94,154,2,48.16,0,NA,,,,,,,,
VA-84,202201,94,154,2,50.44,0,NA,,,,,,,,
VA-85,202201,94,179,1,87.2,16.43,280,,,,,,,,
VA-86,202201,94,178,2,59.74,0,NA,,,,,,,,
VA-87,202201,94,184,1,92.03,15.13,306,,,,,,,,
VA-88,202201,94,184,2,46.51,0,38,,,,,,,,
VA-89,202201,94,187,2,55.58,0,60,,,,,,,,
VA-90,202201,94,187,2,60.22,0,72,,,,,,,,
VA-91,202201,94,190,2,51.43,0,NA,,,,,,,,
VA-92,202201,94,190,1,65.17,13.49,NA,,,,,,,,
VA-93,202201,94,191,1,102.73,16.94,NA,,,,,,,,
VA-94,202201,94,191,1,79.32,11.05,NA,,,,,,,,
VA-95,202201,94,191,1,94.73,14.33,NA,,,,,,,,
VA-96,202201,94,192,2,50.05,0,44,,,,,,,,
VA-97,202201,94,192,2,50.8,0,46,,,,,,,,
VA-98,202201,94,192,2,56.04,0,60,,,,,,,,
VA-99,202201,94,192,2,52.34,0,50,,,,,,,,
VA-100,202201,94,192,2,49.8,0,42,,,,,,,,
VA-101,202201,94,192,2,56.48,0,60,,,,,,,,
VA-102,202201,94,194,2,51.46,0,48,,,,,,,,
VA-103,202201,94,194,2,47.62,0,42,,,,,,,,
VA-104,202202,94,25,2,43.82,0,30,,,,,,,,
VA-105,202202,94,24,1,51.48,10.55,58,,,,,,,,
VA-106,202202,94,22,1,54.22,9.53,NA,,,,,,,,
VA-107,202202,94,25,2,41,0,24,,,,,,,,
VA-108,202202,94,24,2,40.63,0,NA,,,,,,,,
VA-109,202202,94,24,2,41.98,0,24,,,,,,,,
VA-110,202202,94,25,2,41.69,0,NA,,,,,,,,
VA-111,202202,94,25,2,43.21,0,30,,,,,,,,
VA-112,202202,94,26,2,53.39,0,NA,,,,,,,,
VA-113,202202,94,25,2,43.15,0,NA,,,,,,,,
VA-114,202202,94,24,2,43.33,0,28,,,,,,,,
VA-115,202202,94,22,2,40.49,0,22,,,,,,,,
VA-116,202202,94,26,2,47.31,0,36,,,,,,,,
VA-117,202202,94,25,2,44.75,0,30,,,,,,,,
VA-118,202202,94,26,1,50.49,8.51,NA,,,,,,,,
VA-119,202202,94,25,2,42.02,0,24,,,,,,,,
VA-120,202202,94,24,2,40.65,0,26,,,,,,,,
VA-128,202202,94,38,1,53.58,10.79,NA,,,,,,,,
VA-130,202202,94,27,2,52.88,0,52,,,,,,,,
VA-133,202202,94,24,2,42.38,0,30,,,,,,,,
VA-134,202202,94,24,2,43.22,0,30,,,,,,,,
VA-135,202202,94,38,1,50.29,8.59,52,,,,,,,,
VA-137,202202,94,38,2,45.85,0,36,,,,,,,,
VA-138,202202,94,38,2,51.82,0,48,,,,,,,,
VA-139,202202,94,28,1,61.99,10.11,92,,,,,,,,
VA-141,202202,94,38,2,43.71,0,32,,,,,,,,
VA-142,202202,94,38,2,46.35,0,38,,,,,,,,
VA-143,202202,94,27,1,51.23,8.46,50,,,,,,,,
VA-144,202202,94,27,2,51.39,0,46,,,,,,,,
VA-145,202202,94,38,1,50.06,8.14,NA,,,,,,,,
VA-146,202202,94,27,1,52.69,8.94,56,,,,,,,,
VA-147,202202,94,27,2,50.97,0,46,,,,,,,,
VA-148,202202,94,38,2,56.06,0,60,,,,,,,,
VA-150,202202,94,28,1,55.27,10.56,70,,,,,,,,
VA-151,202202,94,27,1,54.04,9,62,,,,,,,,
VA-152,202202,94,23,1,54.58,9.07,NA,,,,,,,,
VA-153,202202,94,24,2,40.31,0,24,,,,,,,,
VA-154,202202,94,27,2,51.51,0,46,,,,,,,,
VA-155,202202,94,27,1,52.97,9.42,58,,,,,,,,
VA-156,202202,94,27,2,55.44,0,60,,,,,,,,
VA-158,202202,94,28,1,55.41,12.2,72,,,,,,,,
VA-160,202202,94,27,1,50.53,8.66,54,,,,,,,,
