"GIS_STATION","DISTRICT","TOWS","STRATUM","TOTAL_AREA","SURVEY_YEAR","LATITUDE","LONGITUDE"
"NBS-8","NBS All",1,10,44100,2018,61.25117,-172.70959
"NBS-14","NBS All",1,10,44100,2018,61.24815,-171.75802
"NBS-19","NBS All",1,10,44100,2018,62.24478,-170.82019
"NBS-26","NBS All",1,10,44100,2018,62.7628,-169.72509
"NBS-27","NBS All",1,10,44100,2018,62.25105,-169.66058
"NBS-29","NBS All",1,10,44100,2018,61.24337,-169.50318
"NBS-21","NBS All",1,10,44100,2018,61.24024,-170.65572
"NBS-22","NBS All",1,10,44100,2018,60.74926,-170.58909
"NBS-1","NBS All",1,10,44100,2018,62.2446,-175.19312
"NBS-2","NBS All",1,10,44100,2018,62.74309,-174.08083
"NBS-5","NBS All",1,10,44100,2018,62.72402,-173.08719
"NBS-6","NBS All",1,10,44100,2018,62.25023,-172.91695
"NBS-7","NBS All",1,10,44100,2018,61.75108,-172.79989
"NBS-12","NBS All",1,10,44100,2018,62.24305,-171.91057
"NBS-17","NBS All",1,10,44100,2018,63.258,-171.11252
"NBS-10","NBS All",1,10,44100,2018,63.24549,-172.00183
"NBS-4","NBS All",1,10,44100,2018,63.25417,-173.11979
"NBS-15","NBS All",1,10,44100,2018,64.23275,-171.10618
"NBS-23","NBS All",1,10,44100,2018,64.74394,-170.04237
"NBS-31","NBS All",1,10,44100,2018,65.24208,-168.96556
"NBS-49","NBS All",1,10,44100,2018,63.74288,-166.59515
"NBS-48","NBS All",1,10,44100,2018,64.26327,-166.60119
"NBS-43","NBS All",1,10,44100,2018,64.2514,-167.66711
"NBS-32","NBS All",1,10,44100,2018,64.73781,-168.87469
"NBS-33","NBS All",1,10,44100,2018,64.2597,-168.81188
"NBS-24","NBS All",1,10,44100,2018,64.24898,-169.97321
"NBS-9","NBS All",1,10,44100,2018,63.76227,-172.28705
"NBS-25","NBS All",1,10,44100,2018,63.75184,-169.94276
"NBS-34","NBS All",1,10,44100,2018,63.75025,-168.80688
"NBS-44","NBS All",1,10,44100,2018,63.76095,-167.65381
"NBS-45","NBS All",1,10,44100,2018,63.2508,-167.64123
"NBS-36","NBS All",1,10,44100,2018,62.74783,-168.67238
"NBS-46","NBS All",1,10,44100,2018,62.74724,-167.58187
"NBS-47","NBS All",1,10,44100,2018,62.2487,-167.544
"NBS-37","NBS All",1,10,44100,2018,61.77183,-168.62411
"NBS-38","NBS All",1,10,44100,2018,61.25862,-168.60031
"NBS-39","NBS All",1,10,44100,2018,60.74974,-168.53237
"NBS-30","NBS All",1,10,44100,2018,60.75149,-169.48561
"FF-01","NBS All",,10,57343,2010,65.33371,-168.42465
"FF-02","NBS All",,10,57343,2010,65.31617,-167.92059
"EE-19","NBS All",,10,57343,2010,65.00699,-169.91485
"EE-18","NBS All",,10,57343,2010,65.01555,-169.12548
"EE-02","NBS All",,10,57343,2010,65.01644,-167.62878
"DD-20","NBS All",,10,57343,2010,64.62579,-170.60414
"DD-19","NBS All",,10,57343,2010,64.66768,-169.89014
"DD-01","NBS All",,10,57343,2010,64.65753,-168.35176
"DD-02","NBS All",,10,57343,2010,64.67294,-167.6068
"DD-03","NBS All",,10,57343,2010,64.6625,-166.83244
"CC-07","NBS All",,10,57343,2010,64.33338,-163.78524
"CC-08","NBS All",,10,57343,2010,64.31491,-163.02948
"CC-09","NBS All",,10,57343,2010,64.33724,-162.25926
"CC-10","NBS All",,10,57343,2010,64.30979,-161.55086
"BB-21","NBS All",,10,57343,2010,64.00354,-171.32216
"BB-20","NBS All",,10,57343,2010,63.99594,-170.55879
"ZZ-23","NBS All",,10,57343,2010,63.32892,-172.6906
"ZZ-22","NBS All",,10,57343,2010,63.31338,-171.97767
"ZZ-21","NBS All",,10,57343,2010,63.27516,-171.14795
"ZZ-01","NBS All",,10,57343,2010,63.33176,-168.24108
"ZZ-03","NBS All",,10,57343,2010,63.34855,-166.76529
"ZZ-04","NBS All",,10,57343,2010,63.33613,-166.03159
"ZZ-05","NBS All",,10,57343,2010,63.34069,-165.29594
"Y-24","NBS All",,10,57343,2010,62.9981,-173.23246
"Y-23","NBS All",,10,57343,2010,63.00432,-172.6075
"Y-22","NBS All",,10,57343,2010,62.98771,-171.79767
"Y-20","NBS All",,10,57343,2010,62.94815,-170.47839
"Y-18","NBS All",,10,57343,2010,62.92583,-168.99946
"Y-01","NBS All",,10,57343,2010,63.00092,-168.21551
"Y-02","NBS All",,10,57343,2010,62.99885,-167.48437
"Y-04","NBS All",,10,57343,2010,62.9875,-166.02606
"X-26","NBS All",,10,57343,2010,62.6672,-174.63588
"X-25","NBS All",,10,57343,2010,62.66698,-173.91008
"X-23","NBS All",,10,57343,2010,62.66935,-172.45551
"X-22","NBS All",,10,57343,2010,62.66685,-171.8147
"X-21","NBS All",,10,57343,2010,62.66625,-171.08509
"X-19","NBS All",,10,57343,2010,62.66859,-169.59794
"X-18","NBS All",,10,57343,2010,62.66741,-168.89549
"X-01","NBS All",,10,57343,2010,62.66214,-168.18564
"X-03","NBS All",,10,57343,2010,62.66778,-166.73645
"W-27","NBS All",,10,57343,2010,62.32484,-175.27395
"W-26","NBS All",,10,57343,2010,62.33008,-174.55902
"W-25","NBS All",,10,57343,2010,62.33262,-173.84159
"BB-18","NBS All",,10,57343,2010,64.00738,-169.05312
"BB-01","NBS All",,10,57343,2010,63.99037,-168.30162
"BB-02","NBS All",,10,57343,2010,64.02858,-167.56485
"BB-04","NBS All",,10,57343,2010,63.99382,-166.0421
"BB-05","NBS All",,10,57343,2010,63.99793,-165.30793
"BB-06","NBS All",,10,57343,2010,63.99528,-164.53422
"BB-07","NBS All",,10,57343,2010,63.99665,-163.79603
"BB-09","NBS All",,10,57343,2010,64.00585,-162.29819
"BB-10","NBS All",,10,57343,2010,63.98905,-161.53701
"AA-23","NBS All",,10,57343,2010,63.66821,-172.73659
"AA-19","NBS All",,10,57343,2010,63.66082,-169.7525
"AA-18","NBS All",,10,57343,2010,63.66929,-169.01524
"AA-01","NBS All",,10,57343,2010,63.66892,-168.27527
"AA-03","NBS All",,10,57343,2010,63.66494,-166.78118
"AA-04","NBS All",,10,57343,2010,63.66285,-166.04161
"AA-05","NBS All",,10,57343,2010,63.66316,-165.29859
"AA-06","NBS All",,10,57343,2010,63.67554,-164.55433
"AA-08","NBS All",,10,57343,2010,63.66323,-163.06467
"CC-20","NBS All",,10,57343,2010,64.32886,-170.61723
"CC-19","NBS All",,10,57343,2010,64.32148,-169.83855
"CC-01","NBS All",,10,57343,2010,64.33116,-168.33465
"CC-02","NBS All",,10,57343,2010,64.33415,-167.57534
"CC-03","NBS All",,10,57343,2010,64.33846,-166.82522
"CC-05","NBS All",,10,57343,2010,64.32405,-165.31513
"T-24","NBS All",,10,57343,2010,61.33726,-172.90428
"T-23","NBS All",,10,57343,2010,61.3304,-172.15018
"T-22","NBS All",,10,57343,2010,61.34166,-171.50104
"T-20","NBS All",,10,57343,2010,61.33588,-170.11354
"T-19","NBS All",,10,57343,2010,61.33955,-169.46244
"T-18","NBS All",,10,57343,2010,61.33046,-168.76781
"T-02","NBS All",,10,57343,2010,61.33192,-167.36984
"T-03","NBS All",,10,57343,2010,61.35055,-166.88055
"S-20","NBS All",,10,57343,2010,60.99228,-170.10315
"S-18","NBS All",,10,57343,2010,60.99538,-168.73501
"S-02","NBS All",,10,57343,2010,61.00118,-167.34544
"S-03","NBS All",,10,57343,2010,61.00459,-166.66475
"W-23","NBS All",,10,57343,2010,62.33347,-172.39261
"W-21","NBS All",,10,57343,2010,62.34404,-171.03245
"W-20","NBS All",,10,57343,2010,62.33985,-170.28379
"W-19","NBS All",,10,57343,2010,62.3351,-169.59623
"W-02","NBS All",,10,57343,2010,62.33545,-167.43715
"W-03","NBS All",,10,57343,2010,62.33461,-166.71941
"V-24","NBS All",,10,57343,2010,62.00161,-173.04229
"V-21","NBS All",,10,57343,2010,62.00406,-170.97207
"V-20","NBS All",,10,57343,2010,61.99963,-170.2566
"V-18","NBS All",,10,57343,2010,61.99947,-168.84103
"V-02","NBS All",,10,57343,2010,61.99605,-167.41496
"U-24","NBS All",,10,57343,2010,61.66954,-173.08522
"U-23","NBS All",,10,57343,2010,61.66879,-172.29098
"U-22","NBS All",,10,57343,2010,61.66878,-171.55018
"U-19","NBS All",,10,57343,2010,61.66125,-169.50113
"U-18","NBS All",,10,57343,2010,61.66533,-168.80283
"U-01","NBS All",,10,57343,2010,61.66229,-168.09528
"R-21","NBS All",,10,57343,2010,60.66615,-170.75632
"R-20","NBS All",,10,57343,2010,60.66967,-170.05963
"R-18","NBS All",,10,57343,2010,60.6671,-168.68772
"R-02","NBS All",,10,57343,2010,60.66797,-167.33487
"R-03","NBS All",,10,57343,2010,60.66464,-166.67172
"FF-01","NBS All",,10,57343,2017,65.32591,-168.36981
"EE-19","NBS All",,10,57343,2017,65.00784,-169.91102
"EE-01","NBS All",,10,57343,2017,65.00093,-168.34499
"EE-02","NBS All",,10,57343,2017,64.97021,-167.60049
"DD-20","NBS All",,10,57343,2017,64.61832,-170.68775
"DD-01","NBS All",,10,57343,2017,64.65996,-168.35471
"DD-02","NBS All",,10,57343,2017,64.70436,-167.60711
"DD-03","NBS All",,10,57343,2017,64.65558,-166.80792
"CC-08","NBS All",,10,57343,2017,64.24653,-163.1185
"CC-09","NBS All",,10,57343,2017,64.33141,-162.26691
"CC-10","NBS All",,10,57343,2017,64.31027,-161.53698
"BB-21","NBS All",,10,57343,2017,64.04452,-171.3584
"ZZ-22","NBS All",,10,57343,2017,63.3188,-171.91757
"ZZ-21","NBS All",,10,57343,2017,63.261,-171.11632
"ZZ-02","NBS All",,10,57343,2017,63.33061,-167.50802
"ZZ-05","NBS All",,10,57343,2017,63.32452,-165.34078
"Y-25","NBS All",,10,57343,2017,62.99291,-174.00057
"Y-24","NBS All",,10,57343,2017,62.99536,-173.23229
"Y-21","NBS All",,10,57343,2017,62.99627,-171.11875
"Y-20","NBS All",,10,57343,2017,62.94703,-170.46985
"Y-18","NBS All",,10,57343,2017,62.93308,-168.98958
"Y-02","NBS All",,10,57343,2017,62.99925,-167.48401
"Y-04","NBS All",,10,57343,2017,63.00171,-166.03441
"X-26","NBS All",,10,57343,2017,62.67109,-174.63527
"X-25","NBS All",,10,57343,2017,62.66693,-173.9141
"X-23","NBS All",,10,57343,2017,62.66936,-172.45574
"X-21","NBS All",,10,57343,2017,62.66837,-171.08539
"X-20","NBS All",,10,57343,2017,62.67032,-170.36448
"X-18","NBS All",,10,57343,2017,62.66072,-168.9003
"X-02","NBS All",,10,57343,2017,62.66205,-167.4697
"X-03","NBS All",,10,57343,2017,62.64254,-166.74871
"W-27","NBS All",,10,57343,2017,62.33537,-175.29846
"W-25","NBS All",,10,57343,2017,62.34185,-173.88367
"BB-18","NBS All",,10,57343,2017,64.0077,-169.05261
"BB-01","NBS All",,10,57343,2017,64.00671,-168.29421
"BB-03","NBS All",,10,57343,2017,63.99897,-166.8175
"BB-04","NBS All",,10,57343,2017,63.99298,-166.05167
"BB-06","NBS All",,10,57343,2017,63.99465,-164.54535
"BB-08","NBS All",,10,57343,2017,63.99646,-163.06261
"BB-09","NBS All",,10,57343,2017,64.00461,-162.33381
"BB-10","NBS All",,10,57343,2017,63.99105,-161.53304
"AA-22","NBS All",,10,57343,2017,63.69665,-172.10453
"AA-18","NBS All",,10,57343,2017,63.67011,-169.01404
"AA-01","NBS All",,10,57343,2017,63.66954,-168.278
"AA-02","NBS All",,10,57343,2017,63.66578,-167.52785
"AA-05","NBS All",,10,57343,2017,63.64831,-165.33659
"AA-06","NBS All",,10,57343,2017,63.68127,-164.61319
"AA-07","NBS All",,10,57343,2017,63.67011,-163.82735
"AA-08","NBS All",,10,57343,2017,63.66655,-163.06016
"CC-19","NBS All",,10,57343,2017,64.31149,-169.82966
"CC-18","NBS All",,10,57343,2017,64.29345,-169.13892
"CC-01","NBS All",,10,57343,2017,64.32915,-168.33552
"CC-04","NBS All",,10,57343,2017,64.33107,-166.05974
"CC-05","NBS All",,10,57343,2017,64.3323,-165.33609
"T-24","NBS All",,10,57343,2017,61.34035,-172.93407
"T-22","NBS All",,10,57343,2017,61.3312,-171.5116
"T-20","NBS All",,10,57343,2017,61.33137,-170.1774
"T-19","NBS All",,10,57343,2017,61.32645,-169.45852
"T-18","NBS All",,10,57343,2017,61.33044,-168.74267
"T-02","NBS All",,10,57343,2017,61.34474,-167.37217
"S-21","NBS All",,10,57343,2017,61.00328,-170.81818
"S-20","NBS All",,10,57343,2017,60.99503,-170.13331
"S-18","NBS All",,10,57343,2017,60.99402,-168.71334
"S-02","NBS All",,10,57343,2017,60.99729,-167.32733
"S-03","NBS All",,10,57343,2017,61.00993,-166.67181
"W-23","NBS All",,10,57343,2017,62.33073,-172.44562
"W-22","NBS All",,10,57343,2017,62.33721,-171.7271
"W-20","NBS All",,10,57343,2017,62.34174,-170.28428
"W-19","NBS All",,10,57343,2017,62.33285,-169.59543
"W-01","NBS All",,10,57343,2017,62.33369,-168.15468
"W-02","NBS All",,10,57343,2017,62.33883,-167.43722
"V-24","NBS All",,10,57343,2017,62.00502,-173.08487
"V-22","NBS All",,10,57343,2017,61.99557,-171.65183
"V-21","NBS All",,10,57343,2017,61.99606,-170.96093
"V-20","NBS All",,10,57343,2017,62.00291,-170.25688
"V-01","NBS All",,10,57343,2017,62.00126,-168.126
"V-02","NBS All",,10,57343,2017,62.00017,-167.4425
"V-03","NBS All",,10,57343,2017,61.99927,-166.69886
"U-24","NBS All",,10,57343,2017,61.66846,-173.03584
"U-21","NBS All",,10,57343,2017,61.67597,-170.90997
"U-20","NBS All",,10,57343,2017,61.673,-170.221
"U-19","NBS All",,10,57343,2017,61.66581,-169.50274
"U-02","NBS All",,10,57343,2017,61.67795,-167.4185
"U-03","NBS All",,10,57343,2017,61.64634,-166.74446
"R-21","NBS All",,10,57343,2017,60.67064,-170.75633
"R-18","NBS All",,10,57343,2017,60.66639,-168.7065
"R-01","NBS All",,10,57343,2017,60.6721,-168.01654
"R-02","NBS All",,10,57343,2017,60.67349,-167.31228
"R-03","NBS All",,10,57343,2017,60.66099,-166.65737
"ZZ-03","NBS All",,10,57343,2017,63.30944,-166.78954
"Y-22","NBS All",,10,57343,2017,63.00052,-171.79863
"Y-03","NBS All",,10,57343,2017,62.99165,-166.75021
"X-01","NBS All",,10,57343,2017,62.6582,-168.18624
"BB-19","NBS All",,10,57343,2017,63.99308,-169.79379
"BB-05","NBS All",,10,57343,2017,64.01534,-165.31265
"AA-03","NBS All",,10,57343,2017,63.66339,-166.80781
"CC-21","NBS All",,10,57343,2017,64.30688,-171.27471
"CC-03","NBS All",,10,57343,2017,64.34015,-166.83257
"T-21","NBS All",,10,57343,2017,61.33543,-170.84629
"S-01","NBS All",,10,57343,2017,61.00562,-168.03519
"W-21","NBS All",,10,57343,2017,62.33773,-171.05503
"W-03","NBS All",,10,57343,2017,62.3255,-166.72352
"U-23","NBS All",,10,57343,2017,61.65951,-172.32618
"U-18","NBS All",,10,57343,2017,61.6664,-168.80322
"R-19","NBS All",,10,57343,2017,60.67054,-169.37521
"FF-01","NBS All",,10,57343,2019,65.33502,-168.38779
"FF-02","NBS All",,10,57343,2019,65.30246,-167.66927
"EE-19","NBS All",,10,57343,2019,65.01169,-169.90252
"EE-18","NBS All",,10,57343,2019,65.01249,-169.11489
"EE-02","NBS All",,10,57343,2019,65.00611,-167.64385
"DD-20","NBS All",,10,57343,2019,64.63456,-170.60516
"DD-19","NBS All",,10,57343,2019,64.66201,-169.88556
"DD-01","NBS All",,10,57343,2019,64.6631,-168.34923
"DD-02","NBS All",,10,57343,2019,64.6739,-167.60594
"DD-03","NBS All",,10,57343,2019,64.65728,-166.81831
"CC-07","NBS All",,10,57343,2019,64.33799,-163.78272
"CC-08","NBS All",,10,57343,2019,64.24736,-163.12622
"CC-09","NBS All",,10,57343,2019,64.33142,-162.27471
"CC-10","NBS All",,10,57343,2019,64.31501,-161.56173
"BB-21","NBS All",,10,57343,2019,64.04964,-171.35319
"BB-20","NBS All",,10,57343,2019,63.99309,-170.55962
"ZZ-24","NBS All",,10,57343,2019,63.33692,-173.40604
"ZZ-21","NBS All",,10,57343,2019,63.27309,-171.12351
"ZZ-01","NBS All",,10,57343,2019,63.34119,-168.2779
"ZZ-02","NBS All",,10,57343,2019,63.34104,-167.51352
"ZZ-05","NBS All",,10,57343,2019,63.33161,-165.30584
"Y-25","NBS All",,10,57343,2019,63.00174,-174.0076
"Y-24","NBS All",,10,57343,2019,63.0105,-173.29301
"Y-22","NBS All",,10,57343,2019,62.97401,-171.80635
"Y-20","NBS All",,10,57343,2019,62.94958,-170.49497
"Y-01","NBS All",,10,57343,2019,63.00614,-168.21037
"Y-02","NBS All",,10,57343,2019,62.99882,-167.48873
"Y-04","NBS All",,10,57343,2019,63.00113,-166.01628
"X-25","NBS All",,10,57343,2019,62.65517,-173.90926
"X-24","NBS All",,10,57343,2019,62.66735,-173.19076
"X-21","NBS All",,10,57343,2019,62.67567,-171.09678
"X-20","NBS All",,10,57343,2019,62.67188,-170.32994
"X-19","NBS All",,10,57343,2019,62.67062,-169.64735
"X-01","NBS All",,10,57343,2019,62.66791,-168.18687
"X-03","NBS All",,10,57343,2019,62.66153,-166.74672
"W-27","NBS All",,10,57343,2019,62.31661,-175.31904
"W-25","NBS All",,10,57343,2019,62.33425,-173.86337
"BB-18","NBS All",,10,57343,2019,63.95837,-169.03705
"BB-02","NBS All",,10,57343,2019,64.00194,-167.56855
"BB-03","NBS All",,10,57343,2019,63.99847,-166.81108
"BB-05","NBS All",,10,57343,2019,64.01354,-165.32112
"BB-07","NBS All",,10,57343,2019,64.00213,-163.77489
"BB-08","NBS All",,10,57343,2019,64.00249,-163.06424
"AA-23","NBS All",,10,57343,2019,63.6616,-172.72117
"AA-22","NBS All",,10,57343,2019,63.69839,-172.06145
"AA-19","NBS All",,10,57343,2019,63.65616,-169.75459
"AA-18","NBS All",,10,57343,2019,63.66753,-169.00785
"AA-03","NBS All",,10,57343,2019,63.66541,-166.78842
"AA-04","NBS All",,10,57343,2019,63.67346,-166.06363
"AA-06","NBS All",,10,57343,2019,63.67351,-164.57391
"AA-08","NBS All",,10,57343,2019,63.66912,-163.04993
"CC-21","NBS All",,10,57343,2019,64.23254,-171.1042
"CC-19","NBS All",,10,57343,2019,64.30333,-169.82463
"CC-18","NBS All",,10,57343,2019,64.32958,-169.07654
"CC-03","NBS All",,10,57343,2019,64.33899,-166.83319
"CC-04","NBS All",,10,57343,2019,64.33278,-166.0458
"CC-05","NBS All",,10,57343,2019,64.331,-165.33186
"T-22","NBS All",,10,57343,2019,61.34249,-171.48311
"T-21","NBS All",,10,57343,2019,61.33953,-170.85092
"T-20","NBS All",,10,57343,2019,61.33742,-170.17414
"T-18","NBS All",,10,57343,2019,61.32822,-168.769
"T-02","NBS All",,10,57343,2019,61.34467,-167.36747
"T-03","NBS All",,10,57343,2019,61.32989,-166.68264
"S-20","NBS All",,10,57343,2019,60.99224,-170.07322
"S-18","NBS All",,10,57343,2019,60.99725,-168.71429
"S-02","NBS All",,10,57343,2019,61.00068,-167.36652
"S-03","NBS All",,10,57343,2019,60.99759,-166.64744
"W-22","NBS All",,10,57343,2019,62.322,-171.70654
"W-21","NBS All",,10,57343,2019,62.33823,-171.04723
"W-20","NBS All",,10,57343,2019,62.32753,-170.282
"W-01","NBS All",,10,57343,2019,62.34296,-168.1391
"W-02","NBS All",,10,57343,2019,62.33572,-167.43813
"W-03","NBS All",,10,57343,2019,62.34039,-166.73713
"V-24","NBS All",,10,57343,2019,62.00723,-173.08002
"V-23","NBS All",,10,57343,2019,62.00941,-172.37104
"V-22","NBS All",,10,57343,2019,61.98524,-171.65581
"V-21","NBS All",,10,57343,2019,61.99793,-170.97815
"V-20","NBS All",,10,57343,2019,61.99635,-170.24224
"V-19","NBS All",,10,57343,2019,61.99204,-169.55975
"V-18","NBS All",,10,57343,2019,61.99791,-168.83718
"V-01","NBS All",,10,57343,2019,61.99799,-168.12715
"V-02","NBS All",,10,57343,2019,61.99045,-167.4153
"V-03","NBS All",,10,57343,2019,62.00497,-166.69534
"U-24","NBS All",,10,57343,2019,61.6776,-173.09355
"U-23","NBS All",,10,57343,2019,61.66291,-172.33209
"U-22","NBS All",,10,57343,2019,61.67931,-171.55648
"U-21","NBS All",,10,57343,2019,61.67408,-170.91697
"U-20","NBS All",,10,57343,2019,61.66449,-170.17797
"U-19","NBS All",,10,57343,2019,61.67139,-169.50709
"U-18","NBS All",,10,57343,2019,61.66593,-168.80373
"U-01","NBS All",,10,57343,2019,61.6656,-168.08387
"U-02","NBS All",,10,57343,2019,61.66679,-167.39033
"U-03","NBS All",,10,57343,2019,61.64759,-166.73471
"R-21","NBS All",,10,57343,2019,60.67075,-170.76827
"R-20","NBS All",,10,57343,2019,60.66615,-170.09287
"R-19","NBS All",,10,57343,2019,60.66889,-169.36521
"R-18","NBS All",,10,57343,2019,60.66739,-168.69992
"R-01","NBS All",,10,57343,2019,60.66522,-168.02251
"R-02","NBS All",,10,57343,2019,60.6635,-167.33004
"R-03","NBS All",,10,57343,2019,60.66601,-166.63645
"FF-18","NBS All",,10,57343,2021,65.2529,-168.94758
"FF-01","NBS All",,10,57343,2021,65.32447,-168.36273
"FF-02","NBS All",,10,57343,2021,65.26528,-167.88624
"EE-19","NBS All",,10,57343,2021,65.00909,-169.95097
"EE-18","NBS All",,10,57343,2021,65.01785,-169.10073
"EE-01","NBS All",,10,57343,2021,64.99435,-168.33907
"EE-02","NBS All",,10,57343,2021,64.97862,-167.61441
"DD-20","NBS All",,10,57343,2021,64.65359,-170.62823
"DD-19","NBS All",,10,57343,2021,64.65693,-169.90694
"DD-18","NBS All",,10,57343,2021,64.65804,-169.15643
"DD-01","NBS All",,10,57343,2021,64.65396,-168.3318
"DD-02","NBS All",,10,57343,2021,64.65767,-167.6053
"DD-03","NBS All",,10,57343,2021,64.67405,-166.85066
"CC-06","NBS All",,10,57343,2021,64.33082,-164.56584
"CC-07","NBS All",,10,57343,2021,64.33282,-163.83317
"CC-08","NBS All",,10,57343,2021,64.2493,-163.16383
"CC-09","NBS All",,10,57343,2021,64.34062,-162.26762
"CC-10","NBS All",,10,57343,2021,64.30754,-161.57037
"BB-22","NBS All",,10,57343,2021,64.01035,-171.79476
"BB-21","NBS All",,10,57343,2021,64.04661,-171.35144
"BB-20","NBS All",,10,57343,2021,63.99391,-170.55287
"ZZ-24","NBS All",,10,57343,2021,63.33903,-173.35745
"ZZ-23","NBS All",,10,57343,2021,63.33523,-172.62468
"ZZ-22","NBS All",,10,57343,2021,63.24515,-171.99726
"ZZ-21","NBS All",,10,57343,2021,63.20071,-171.16688
"ZZ-01","NBS All",,10,57343,2021,63.37205,-168.28373
"ZZ-02","NBS All",,10,57343,2021,63.3267,-167.56449
"ZZ-03","NBS All",,10,57343,2021,63.32618,-166.72079
"ZZ-04","NBS All",,10,57343,2021,63.32333,-166.03428
"ZZ-05","NBS All",,10,57343,2021,63.3354,-165.33769
"Y-25","NBS All",,10,57343,2021,63.00044,-173.98169
"Y-24","NBS All",,10,57343,2021,63.004,-173.21533
"Y-23","NBS All",,10,57343,2021,63.00331,-172.56412
"Y-22","NBS All",,10,57343,2021,63.00793,-171.76785
"Y-21","NBS All",,10,57343,2021,63.00319,-171.11632
"Y-20","NBS All",,10,57343,2021,62.94474,-170.48452
"Y-18","NBS All",,10,57343,2021,62.86545,-168.82581
"Y-01","NBS All",,10,57343,2021,62.99652,-168.20091
"Y-02","NBS All",,10,57343,2021,62.9969,-167.42486
"Y-03","NBS All",,10,57343,2021,63.00235,-166.75036
"Y-04","NBS All",,10,57343,2021,63.00607,-166.02402
"X-26","NBS All",,10,57343,2021,62.6591,-174.62102
"X-25","NBS All",,10,57343,2021,62.65922,-173.91378
"X-24","NBS All",,10,57343,2021,62.66298,-173.16578
"X-23","NBS All",,10,57343,2021,62.66715,-172.44106
"X-22","NBS All",,10,57343,2021,62.67179,-171.8136
"X-21","NBS All",,10,57343,2021,62.64141,-170.95824
"X-20","NBS All",,10,57343,2021,62.67471,-170.36443
"X-19","NBS All",,10,57343,2021,62.66026,-169.62538
"X-18","NBS All",,10,57343,2021,62.65724,-168.89641
"X-01","NBS All",,10,57343,2021,62.64567,-168.18579
"X-02","NBS All",,10,57343,2021,62.66226,-167.48342
"X-03","NBS All",,10,57343,2021,62.66347,-166.76395
"W-27","NBS All",,10,57343,2021,62.33486,-175.27563
"W-26","NBS All",,10,57343,2021,62.33778,-174.61426
"W-25","NBS All",,10,57343,2021,62.33246,-173.83068
"BB-19","NBS All",,10,57343,2021,63.98062,-169.77538
"BB-18","NBS All",,10,57343,2021,63.99764,-169.0628
"BB-01","NBS All",,10,57343,2021,64.0101,-168.3144
"BB-02","NBS All",,10,57343,2021,64.029,-167.56952
"BB-03","NBS All",,10,57343,2021,64.00184,-166.82331
"BB-04","NBS All",,10,57343,2021,64.0026,-166.05485
"BB-05","NBS All",,10,57343,2021,63.99324,-165.3112
"BB-06","NBS All",,10,57343,2021,64.00037,-164.56785
"BB-07","NBS All",,10,57343,2021,64.00565,-163.84167
"BB-08","NBS All",,10,57343,2021,64.02365,-163.07422
"BB-09","NBS All",,10,57343,2021,63.99807,-162.31459
"BB-10","NBS All",,10,57343,2021,64.00032,-161.56765
"AA-23","NBS All",,10,57343,2021,63.65703,-172.67364
"AA-22","NBS All",,10,57343,2021,63.53506,-171.99621
"AA-19","NBS All",,10,57343,2021,63.68538,-169.66229
"AA-18","NBS All",,10,57343,2021,63.68096,-168.96346
"AA-01","NBS All",,10,57343,2021,63.68902,-168.26882
"AA-02","NBS All",,10,57343,2021,63.66072,-167.52899
"AA-03","NBS All",,10,57343,2021,63.68053,-166.77645
"AA-04","NBS All",,10,57343,2021,63.67123,-166.10907
"AA-05","NBS All",,10,57343,2021,63.66752,-165.31999
"AA-06","NBS All",,10,57343,2021,63.66585,-164.56674
"AA-07","NBS All",,10,57343,2021,63.66746,-163.80781
"AA-08","NBS All",,10,57343,2021,63.66546,-163.05703
"CC-21","NBS All",,10,57343,2021,64.23399,-171.10594
"CC-20","NBS All",,10,57343,2021,64.28089,-170.67872
"CC-19","NBS All",,10,57343,2021,64.31672,-169.83788
"CC-18","NBS All",,10,57343,2021,64.33431,-169.09725
"CC-01","NBS All",,10,57343,2021,64.33142,-168.33443
"CC-02","NBS All",,10,57343,2021,64.33309,-167.57719
"CC-03","NBS All",,10,57343,2021,64.3544,-166.83512
"CC-04","NBS All",,10,57343,2021,64.33223,-166.02068
"CC-05","NBS All",,10,57343,2021,64.30975,-165.3226
"T-24","NBS All",,10,57343,2021,61.35936,-172.91428
"T-23","NBS All",,10,57343,2021,61.34073,-172.2068
"T-22","NBS All",,10,57343,2021,61.33845,-171.53157
"T-21","NBS All",,10,57343,2021,61.33833,-170.8397
"T-20","NBS All",,10,57343,2021,61.32798,-170.17957
"T-19","NBS All",,10,57343,2021,61.32372,-169.41532
"T-18","NBS All",,10,57343,2021,61.32006,-168.70062
"T-01","NBS All",,10,57343,2021,61.32454,-168.00391
"T-02","NBS All",,10,57343,2021,61.30953,-167.35844
"T-03","NBS All",,10,57343,2021,61.36627,-166.77383
"S-21","NBS All",,10,57343,2021,60.99964,-170.80585
"S-20","NBS All",,10,57343,2021,60.99985,-170.11507
"S-19","NBS All",,10,57343,2021,61.01061,-169.42751
"S-18","NBS All",,10,57343,2021,61.01409,-168.7449
"S-01","NBS All",,10,57343,2021,61.0056,-168.05467
"S-02","NBS All",,10,57343,2021,60.98758,-167.31958
"S-03","NBS All",,10,57343,2021,60.97929,-166.74153
"W-24","NBS All",,10,57343,2021,62.34899,-173.16048
"W-23","NBS All",,10,57343,2021,62.32609,-172.3844
"W-22","NBS All",,10,57343,2021,62.3327,-171.79744
"W-21","NBS All",,10,57343,2021,62.33985,-170.98972
"W-20","NBS All",,10,57343,2021,62.30546,-170.27634
"W-19","NBS All",,10,57343,2021,62.31809,-169.58511
"W-18","NBS All",,10,57343,2021,62.32697,-168.87471
"W-01","NBS All",,10,57343,2021,62.34149,-168.15748
"W-02","NBS All",,10,57343,2021,62.34252,-167.47154
"W-03","NBS All",,10,57343,2021,62.33807,-166.72109
"V-24","NBS All",,10,57343,2021,61.99738,-173.11302
"V-23","NBS All",,10,57343,2021,62.00663,-172.40348
"V-22","NBS All",,10,57343,2021,62.02658,-171.66618
"V-21","NBS All",,10,57343,2021,61.98069,-171.07103
"V-20","NBS All",,10,57343,2021,62.00565,-170.26964
"V-19","NBS All",,10,57343,2021,62.01771,-169.5518
"V-18","NBS All",,10,57343,2021,61.99519,-168.79878
"V-01","NBS All",,10,57343,2021,61.99972,-168.13066
"V-02","NBS All",,10,57343,2021,61.99786,-167.39539
"V-03","NBS All",,10,57343,2021,61.99935,-166.72792
"U-24","NBS All",,10,57343,2021,61.67323,-173.07778
"U-23","NBS All",,10,57343,2021,61.66467,-172.29238
"U-22","NBS All",,10,57343,2021,61.66059,-171.53327
"U-21","NBS All",,10,57343,2021,61.66118,-170.9271
"U-20","NBS All",,10,57343,2021,61.67021,-170.2141
"U-19","NBS All",,10,57343,2021,61.66749,-169.46761
"U-18","NBS All",,10,57343,2021,61.66585,-168.79037
"U-01","NBS All",,10,57343,2021,61.68086,-168.09308
"U-02","NBS All",,10,57343,2021,61.69062,-167.37308
"U-03","NBS All",,10,57343,2021,61.65732,-166.76392
"R-21","NBS All",,10,57343,2021,60.67469,-170.75394
"R-20","NBS All",,10,57343,2021,60.67186,-170.05458
"R-19","NBS All",,10,57343,2021,60.67174,-169.3688
"R-18","NBS All",,10,57343,2021,60.66512,-168.70247
"R-01","NBS All",,10,57343,2021,60.69249,-168.01277
"R-02","NBS All",,10,57343,2021,60.65398,-167.34596
"R-03","NBS All",,10,57343,2021,60.66997,-166.71915
"FF-18","NBS All",,10,57343,2022,65.2529,-168.94758
"FF-01","NBS All",,10,57343,2022,65.32447,-168.36273
"FF-02","NBS All",,10,57343,2022,65.26528,-167.88624
"EE-19","NBS All",,10,57343,2022,65.00909,-169.95097
"EE-18","NBS All",,10,57343,2022,65.01785,-169.10073
"EE-01","NBS All",,10,57343,2022,64.99435,-168.33907
"EE-02","NBS All",,10,57343,2022,64.97862,-167.61441
"DD-20","NBS All",,10,57343,2022,64.65359,-170.62823
"DD-19","NBS All",,10,57343,2022,64.65693,-169.90694
"DD-18","NBS All",,10,57343,2022,64.65804,-169.15643
"DD-01","NBS All",,10,57343,2022,64.65396,-168.3318
"DD-02","NBS All",,10,57343,2022,64.65767,-167.6053
"DD-03","NBS All",,10,57343,2022,64.67405,-166.85066
"CC-06","NBS All",,10,57343,2022,64.33082,-164.56584
"CC-07","NBS All",,10,57343,2022,64.33282,-163.83317
"CC-08","NBS All",,10,57343,2022,64.2493,-163.16383
"CC-09","NBS All",,10,57343,2022,64.34062,-162.26762
"CC-10","NBS All",,10,57343,2022,64.30754,-161.57037
"BB-22","NBS All",,10,57343,2022,64.01035,-171.79476
"BB-21","NBS All",,10,57343,2022,64.04661,-171.35144
"BB-20","NBS All",,10,57343,2022,63.99391,-170.55287
"ZZ-24","NBS All",,10,57343,2022,63.33903,-173.35745
"ZZ-23","NBS All",,10,57343,2022,63.33523,-172.62468
"ZZ-22","NBS All",,10,57343,2022,63.24515,-171.99726
"ZZ-21","NBS All",,10,57343,2022,63.20071,-171.16688
"ZZ-01","NBS All",,10,57343,2022,63.37205,-168.28373
"ZZ-02","NBS All",,10,57343,2022,63.3267,-167.56449
"ZZ-03","NBS All",,10,57343,2022,63.32618,-166.72079
"ZZ-04","NBS All",,10,57343,2022,63.32333,-166.03428
"ZZ-05","NBS All",,10,57343,2022,63.3354,-165.33769
"Y-25","NBS All",,10,57343,2022,63.00044,-173.98169
"Y-24","NBS All",,10,57343,2022,63.004,-173.21533
"Y-23","NBS All",,10,57343,2022,63.00331,-172.56412
"Y-22","NBS All",,10,57343,2022,63.00793,-171.76785
"Y-21","NBS All",,10,57343,2022,63.00319,-171.11632
"Y-20","NBS All",,10,57343,2022,62.94474,-170.48452
"Y-18","NBS All",,10,57343,2022,62.86545,-168.82581
"Y-01","NBS All",,10,57343,2022,62.99652,-168.20091
"Y-02","NBS All",,10,57343,2022,62.9969,-167.42486
"Y-03","NBS All",,10,57343,2022,63.00235,-166.75036
"Y-04","NBS All",,10,57343,2022,63.00607,-166.02402
"X-26","NBS All",,10,57343,2022,62.6591,-174.62102
"X-25","NBS All",,10,57343,2022,62.65922,-173.91378
"X-24","NBS All",,10,57343,2022,62.66298,-173.16578
"X-23","NBS All",,10,57343,2022,62.66715,-172.44106
"X-22","NBS All",,10,57343,2022,62.67179,-171.8136
"X-21","NBS All",,10,57343,2022,62.64141,-170.95824
"X-20","NBS All",,10,57343,2022,62.67471,-170.36443
"X-19","NBS All",,10,57343,2022,62.66026,-169.62538
"X-18","NBS All",,10,57343,2022,62.65724,-168.89641
"X-01","NBS All",,10,57343,2022,62.64567,-168.18579
"X-02","NBS All",,10,57343,2022,62.66226,-167.48342
"X-03","NBS All",,10,57343,2022,62.66347,-166.76395
"W-27","NBS All",,10,57343,2022,62.33486,-175.27563
"W-26","NBS All",,10,57343,2022,62.33778,-174.61426
"W-25","NBS All",,10,57343,2022,62.33246,-173.83068
"BB-19","NBS All",,10,57343,2022,63.98062,-169.77538
"BB-18","NBS All",,10,57343,2022,63.99764,-169.0628
"BB-01","NBS All",,10,57343,2022,64.0101,-168.3144
"BB-02","NBS All",,10,57343,2022,64.029,-167.56952
"BB-03","NBS All",,10,57343,2022,64.00184,-166.82331
"BB-04","NBS All",,10,57343,2022,64.0026,-166.05485
"BB-05","NBS All",,10,57343,2022,63.99324,-165.3112
"BB-06","NBS All",,10,57343,2022,64.00037,-164.56785
"BB-07","NBS All",,10,57343,2022,64.00565,-163.84167
"BB-08","NBS All",,10,57343,2022,64.02365,-163.07422
"BB-09","NBS All",,10,57343,2022,63.99807,-162.31459
"BB-10","NBS All",,10,57343,2022,64.00032,-161.56765
"AA-23","NBS All",,10,57343,2022,63.65703,-172.67364
"AA-22","NBS All",,10,57343,2022,63.53506,-171.99621
"AA-19","NBS All",,10,57343,2022,63.68538,-169.66229
"AA-18","NBS All",,10,57343,2022,63.68096,-168.96346
"AA-01","NBS All",,10,57343,2022,63.68902,-168.26882
"AA-02","NBS All",,10,57343,2022,63.66072,-167.52899
"AA-03","NBS All",,10,57343,2022,63.68053,-166.77645
"AA-04","NBS All",,10,57343,2022,63.67123,-166.10907
"AA-05","NBS All",,10,57343,2022,63.66752,-165.31999
"AA-06","NBS All",,10,57343,2022,63.66585,-164.56674
"AA-07","NBS All",,10,57343,2022,63.66746,-163.80781
"AA-08","NBS All",,10,57343,2022,63.66546,-163.05703
"CC-21","NBS All",,10,57343,2022,64.23399,-171.10594
"CC-20","NBS All",,10,57343,2022,64.28089,-170.67872
"CC-19","NBS All",,10,57343,2022,64.31672,-169.83788
"CC-18","NBS All",,10,57343,2022,64.33431,-169.09725
"CC-01","NBS All",,10,57343,2022,64.33142,-168.33443
"CC-02","NBS All",,10,57343,2022,64.33309,-167.57719
"CC-03","NBS All",,10,57343,2022,64.3544,-166.83512
"CC-04","NBS All",,10,57343,2022,64.33223,-166.02068
"CC-05","NBS All",,10,57343,2022,64.30975,-165.3226
"T-24","NBS All",,10,57343,2022,61.35936,-172.91428
"T-23","NBS All",,10,57343,2022,61.34073,-172.2068
"T-22","NBS All",,10,57343,2022,61.33845,-171.53157
"T-21","NBS All",,10,57343,2022,61.33833,-170.8397
"T-20","NBS All",,10,57343,2022,61.32798,-170.17957
"T-19","NBS All",,10,57343,2022,61.32372,-169.41532
"T-18","NBS All",,10,57343,2022,61.32006,-168.70062
"T-01","NBS All",,10,57343,2022,61.32454,-168.00391
"T-02","NBS All",,10,57343,2022,61.30953,-167.35844
"T-03","NBS All",,10,57343,2022,61.36627,-166.77383
"S-21","NBS All",,10,57343,2022,60.99964,-170.80585
"S-20","NBS All",,10,57343,2022,60.99985,-170.11507
"S-19","NBS All",,10,57343,2022,61.01061,-169.42751
"S-18","NBS All",,10,57343,2022,61.01409,-168.7449
"S-01","NBS All",,10,57343,2022,61.0056,-168.05467
"S-02","NBS All",,10,57343,2022,60.98758,-167.31958
"S-03","NBS All",,10,57343,2022,60.97929,-166.74153
"W-24","NBS All",,10,57343,2022,62.34899,-173.16048
"W-23","NBS All",,10,57343,2022,62.32609,-172.3844
"W-22","NBS All",,10,57343,2022,62.3327,-171.79744
"W-21","NBS All",,10,57343,2022,62.33985,-170.98972
"W-20","NBS All",,10,57343,2022,62.30546,-170.27634
"W-19","NBS All",,10,57343,2022,62.31809,-169.58511
"W-18","NBS All",,10,57343,2022,62.32697,-168.87471
"W-01","NBS All",,10,57343,2022,62.34149,-168.15748
"W-02","NBS All",,10,57343,2022,62.34252,-167.47154
"W-03","NBS All",,10,57343,2022,62.33807,-166.72109
"V-24","NBS All",,10,57343,2022,61.99738,-173.11302
"V-23","NBS All",,10,57343,2022,62.00663,-172.40348
"V-22","NBS All",,10,57343,2022,62.02658,-171.66618
"V-21","NBS All",,10,57343,2022,61.98069,-171.07103
"V-20","NBS All",,10,57343,2022,62.00565,-170.26964
"V-19","NBS All",,10,57343,2022,62.01771,-169.5518
"V-18","NBS All",,10,57343,2022,61.99519,-168.79878
"V-01","NBS All",,10,57343,2022,61.99972,-168.13066
"V-02","NBS All",,10,57343,2022,61.99786,-167.39539
"V-03","NBS All",,10,57343,2022,61.99935,-166.72792
"U-24","NBS All",,10,57343,2022,61.67323,-173.07778
"U-23","NBS All",,10,57343,2022,61.66467,-172.29238
"U-22","NBS All",,10,57343,2022,61.66059,-171.53327
"U-21","NBS All",,10,57343,2022,61.66118,-170.9271
"U-20","NBS All",,10,57343,2022,61.67021,-170.2141
"U-19","NBS All",,10,57343,2022,61.66749,-169.46761
"U-18","NBS All",,10,57343,2022,61.66585,-168.79037
"U-01","NBS All",,10,57343,2022,61.68086,-168.09308
"U-02","NBS All",,10,57343,2022,61.69062,-167.37308
"U-03","NBS All",,10,57343,2022,61.65732,-166.76392
"R-21","NBS All",,10,57343,2022,60.67469,-170.75394
"R-20","NBS All",,10,57343,2022,60.67186,-170.05458
"R-19","NBS All",,10,57343,2022,60.67174,-169.3688
"R-18","NBS All",,10,57343,2022,60.66512,-168.70247
"R-01","NBS All",,10,57343,2022,60.69249,-168.01277
"R-02","NBS All",,10,57343,2022,60.65398,-167.34596
"R-03","NBS All",,10,57343,2022,60.66997,-166.71915
"S-21","NBS All",,10,57343,2010,61.00009,-170.82047
"S-01","NBS All",,10,57343,2010,61.00633,-168.0354
"W-22","NBS All",,10,57343,2010,62.34086,-171.7452
"W-18","NBS All",,10,57343,2010,62.33131,-168.8704
"V-23","NBS All",,10,57343,2010,61.98825,-172.3673
"V-19","NBS All",,10,57343,2010,62.00427,-169.54857
"V-03","NBS All",,10,57343,2010,62.01345,-166.69971
"U-20","NBS All",,10,57343,2010,61.67071,-170.18286
"U-02","NBS All",,10,57343,2010,61.66491,-167.39318
"R-19","NBS All",,10,57343,2010,60.67065,-169.38111
"FF-18","NBS All",,10,57343,2017,65.21764,-168.89474
"EE-18","NBS All",,10,57343,2017,65.01722,-169.12043
"DD-18","NBS All",,10,57343,2017,64.65126,-169.16212
"CC-06","NBS All",,10,57343,2017,64.32803,-164.53456
"BB-22","NBS All",,10,57343,2017,63.99919,-172.02633
"ZZ-23","NBS All",,10,57343,2017,63.32529,-172.69137
"ZZ-04","NBS All",,10,57343,2017,63.3369,-166.02704
"ZZ-23","NBS All",,10,57343,2019,63.33313,-172.64765
"ZZ-03","NBS All",,10,57343,2019,63.33672,-166.76685
"Y-23","NBS All",,10,57343,2019,63.02286,-172.60382
"Y-18","NBS All",,10,57343,2019,62.87278,-168.82889
"X-26","NBS All",,10,57343,2019,62.66971,-174.6305
"X-22","NBS All",,10,57343,2019,62.66339,-171.8221
"X-18","NBS All",,10,57343,2019,62.67068,-168.89166
"W-26","NBS All",,10,57343,2019,62.33512,-174.57173
"BB-01","NBS All",,10,57343,2019,64.01046,-168.27732
"BB-06","NBS All",,10,57343,2019,64.00353,-164.54903
"BB-10","NBS All",,10,57343,2019,63.99759,-161.52759
"AA-01","NBS All",,10,57343,2019,63.67149,-168.26885
"AA-05","NBS All",,10,57343,2019,63.66399,-165.30845
"CC-20","NBS All",,10,57343,2019,64.3301,-170.59159
"CC-02","NBS All",,10,57343,2019,64.31802,-167.61301
"T-23","NBS All",,10,57343,2019,61.34241,-172.28509
"T-19","NBS All",,10,57343,2019,61.32734,-169.46487
"S-21","NBS All",,10,57343,2019,60.99264,-170.76988
"S-01","NBS All",,10,57343,2019,60.99856,-168.03584
"W-23","NBS All",,10,57343,2019,62.3282,-172.45148
"W-18","NBS All",,10,57343,2019,62.33586,-168.8658
"NBS-20","NBS All",1,10,44100,2018,61.73605,-170.75849
"NBS-28","NBS All",1,10,44100,2018,61.74832,-169.59034
"NBS-3","NBS All",1,10,44100,2018,62.25032,-173.99132
"NBS-13","NBS All",1,10,44100,2018,61.7521,-171.82138
"NBS-11","NBS All",1,10,44100,2018,62.80898,-171.97317
"NBS-41","NBS All",1,10,44100,2018,65.25259,-167.85601
"NBS-42","NBS All",1,10,44100,2018,64.75523,-167.81639
"NBS-16","NBS All",1,10,44100,2018,63.86703,-171.26138
"NBS-40","NBS All",1,10,44100,2018,63.23468,-168.54801
"NBS-35","NBS All",1,10,44100,2018,62.25252,-168.62694
"NBS-18","NBS All",1,10,44100,2018,62.75308,-170.89549
"EE-01","NBS All",,10,57343,2010,64.99819,-168.34586
"DD-18","NBS All",,10,57343,2010,64.65135,-169.16293
"CC-06","NBS All",,10,57343,2010,64.32627,-164.52412
"BB-22","NBS All",,10,57343,2010,63.99862,-172.05644
"ZZ-24","NBS All",,10,57343,2010,63.3356,-173.41245
"ZZ-02","NBS All",,10,57343,2010,63.33091,-167.50747
"Y-25","NBS All",,10,57343,2010,62.99234,-174.00053
"Y-21","NBS All",,10,57343,2010,62.99693,-171.12531
"Y-03","NBS All",,10,57343,2010,62.99806,-166.75522
"X-24","NBS All",,10,57343,2010,62.66915,-173.18356
"X-20","NBS All",,10,57343,2010,62.66999,-170.36502
"X-02","NBS All",,10,57343,2010,62.66204,-167.47114
"BB-19","NBS All",,10,57343,2010,63.99103,-169.79025
"BB-03","NBS All",,10,57343,2010,64.00322,-166.81798
"BB-08","NBS All",,10,57343,2010,64.0014,-163.04936
"AA-22","NBS All",,10,57343,2010,63.69377,-172.06153
"AA-02","NBS All",,10,57343,2010,63.6654,-167.52793
"AA-07","NBS All",,10,57343,2010,63.66719,-163.82441
"CC-18","NBS All",,10,57343,2010,64.31688,-169.11165
"CC-04","NBS All",,10,57343,2010,64.33174,-166.04047
"T-21","NBS All",,10,57343,2010,61.33938,-170.79979
"T-01","NBS All",,10,57343,2010,61.33755,-168.06668
"S-19","NBS All",,10,57343,2010,60.99919,-169.42391
"W-24","NBS All",,10,57343,2010,62.32873,-173.15153
"W-01","NBS All",,10,57343,2010,62.33184,-168.15304
"V-22","NBS All",,10,57343,2010,61.99595,-171.67044
"V-01","NBS All",,10,57343,2010,61.99804,-168.12637
"U-21","NBS All",,10,57343,2010,61.67214,-170.86614
"U-03","NBS All",,10,57343,2010,61.64656,-166.726
"R-01","NBS All",,10,57343,2010,60.67385,-168.00319
"FF-02","NBS All",,10,57343,2017,65.25698,-167.86932
"DD-19","NBS All",,10,57343,2017,64.65624,-169.90891
"CC-07","NBS All",,10,57343,2017,64.33843,-163.78699
"BB-20","NBS All",,10,57343,2017,63.99409,-170.55932
"ZZ-01","NBS All",,10,57343,2017,63.32491,-168.24356
"Y-23","NBS All",,10,57343,2017,63.00844,-172.60711
"Y-01","NBS All",,10,57343,2017,63.00573,-168.22302
"X-24","NBS All",,10,57343,2017,62.66956,-173.18391
"X-19","NBS All",,10,57343,2017,62.66808,-169.5996
"W-26","NBS All",,10,57343,2017,62.34029,-174.64544
"BB-02","NBS All",,10,57343,2017,64.02824,-167.56579
"BB-07","NBS All",,10,57343,2017,64.00198,-163.79239
"AA-19","NBS All",,10,57343,2017,63.66607,-169.75383
"AA-04","NBS All",,10,57343,2017,63.67658,-166.0585
"CC-20","NBS All",,10,57343,2017,64.27813,-170.69045
"CC-02","NBS All",,10,57343,2017,64.32386,-167.57616
"T-23","NBS All",,10,57343,2017,61.33567,-172.25823
"T-01","NBS All",,10,57343,2017,61.33972,-168.0662
"S-19","NBS All",,10,57343,2017,60.99735,-169.43424
"W-24","NBS All",,10,57343,2017,62.34322,-173.17429
"W-18","NBS All",,10,57343,2017,62.33254,-168.87068
"V-23","NBS All",,10,57343,2017,61.99573,-172.36478
"V-18","NBS All",,10,57343,2017,61.99596,-168.84087
"U-22","NBS All",,10,57343,2017,61.67415,-171.58834
"U-01","NBS All",,10,57343,2017,61.66796,-168.0963
"R-20","NBS All",,10,57343,2017,60.67508,-170.05565
"ZZ-24","NBS All",,10,57343,2017,63.33603,-173.41213
"X-22","NBS All",,10,57343,2017,62.66896,-171.81505
"AA-23","NBS All",,10,57343,2017,63.66968,-172.73402
"T-03","NBS All",,10,57343,2017,61.3304,-166.91177
"V-19","NBS All",,10,57343,2017,62.00914,-169.54835
"FF-18","NBS All",,10,57343,2019,65.22397,-168.90444
"EE-01","NBS All",,10,57343,2019,65.00024,-168.36148
"DD-18","NBS All",,10,57343,2019,64.66013,-169.12056
"CC-06","NBS All",,10,57343,2019,64.32498,-164.53171
"BB-22","NBS All",,10,57343,2019,64.00155,-172.00702
"ZZ-22","NBS All",,10,57343,2019,63.3,-171.98431
"ZZ-04","NBS All",,10,57343,2019,63.33412,-166.03867
"Y-21","NBS All",,10,57343,2019,63.00214,-171.13227
"Y-03","NBS All",,10,57343,2019,63.00628,-166.75543
"X-23","NBS All",,10,57343,2019,62.66877,-172.50886
"X-02","NBS All",,10,57343,2019,62.66956,-167.44909
"BB-19","NBS All",,10,57343,2019,63.98846,-169.77752
"BB-04","NBS All",,10,57343,2019,64.0034,-166.05687
"BB-09","NBS All",,10,57343,2019,63.99935,-162.31633
"AA-02","NBS All",,10,57343,2019,63.67415,-167.51265
"AA-07","NBS All",,10,57343,2019,63.66516,-163.80997
"CC-01","NBS All",,10,57343,2019,64.32977,-168.32124
"T-24","NBS All",,10,57343,2019,61.33309,-172.93076
"T-01","NBS All",,10,57343,2019,61.33131,-168.08544
"S-19","NBS All",,10,57343,2019,60.99903,-169.42226
"W-24","NBS All",,10,57343,2019,62.33498,-173.15609
"W-19","NBS All",,10,57343,2019,62.34628,-169.59005
"FF-18","NBS All",,10,57343,2023,65.2529,-168.94758
"FF-01","NBS All",,10,57343,2023,65.32447,-168.36273
"FF-02","NBS All",,10,57343,2023,65.26528,-167.88624
"EE-19","NBS All",,10,57343,2023,65.00909,-169.95097
"EE-18","NBS All",,10,57343,2023,65.01785,-169.10073
"EE-01","NBS All",,10,57343,2023,64.99435,-168.33907
"EE-02","NBS All",,10,57343,2023,64.97862,-167.61441
"DD-20","NBS All",,10,57343,2023,64.65359,-170.62823
"DD-19","NBS All",,10,57343,2023,64.65693,-169.90694
"DD-18","NBS All",,10,57343,2023,64.65804,-169.15643
"DD-01","NBS All",,10,57343,2023,64.65396,-168.3318
"DD-02","NBS All",,10,57343,2023,64.65767,-167.6053
"DD-03","NBS All",,10,57343,2023,64.67405,-166.85066
"CC-06","NBS All",,10,57343,2023,64.33082,-164.56584
"CC-07","NBS All",,10,57343,2023,64.33282,-163.83317
"CC-08","NBS All",,10,57343,2023,64.2493,-163.16383
"CC-09","NBS All",,10,57343,2023,64.34062,-162.26762
"CC-10","NBS All",,10,57343,2023,64.30754,-161.57037
"BB-22","NBS All",,10,57343,2023,64.01035,-171.79476
"BB-21","NBS All",,10,57343,2023,64.04661,-171.35144
"BB-20","NBS All",,10,57343,2023,63.99391,-170.55287
"ZZ-24","NBS All",,10,57343,2023,63.33903,-173.35745
"ZZ-23","NBS All",,10,57343,2023,63.33523,-172.62468
"ZZ-22","NBS All",,10,57343,2023,63.24515,-171.99726
"ZZ-21","NBS All",,10,57343,2023,63.20071,-171.16688
"ZZ-01","NBS All",,10,57343,2023,63.37205,-168.28373
"ZZ-02","NBS All",,10,57343,2023,63.3267,-167.56449
"ZZ-03","NBS All",,10,57343,2023,63.32618,-166.72079
"ZZ-04","NBS All",,10,57343,2023,63.32333,-166.03428
"ZZ-05","NBS All",,10,57343,2023,63.3354,-165.33769
"Y-25","NBS All",,10,57343,2023,63.00044,-173.98169
"Y-24","NBS All",,10,57343,2023,63.004,-173.21533
"Y-23","NBS All",,10,57343,2023,63.00331,-172.56412
"Y-22","NBS All",,10,57343,2023,63.00793,-171.76785
"Y-21","NBS All",,10,57343,2023,63.00319,-171.11632
"Y-20","NBS All",,10,57343,2023,62.94474,-170.48452
"Y-18","NBS All",,10,57343,2023,62.86545,-168.82581
"Y-01","NBS All",,10,57343,2023,62.99652,-168.20091
"Y-02","NBS All",,10,57343,2023,62.9969,-167.42486
"Y-03","NBS All",,10,57343,2023,63.00235,-166.75036
"Y-04","NBS All",,10,57343,2023,63.00607,-166.02402
"X-26","NBS All",,10,57343,2023,62.6591,-174.62102
"X-25","NBS All",,10,57343,2023,62.65922,-173.91378
"X-24","NBS All",,10,57343,2023,62.66298,-173.16578
"X-23","NBS All",,10,57343,2023,62.66715,-172.44106
"X-22","NBS All",,10,57343,2023,62.67179,-171.8136
"X-21","NBS All",,10,57343,2023,62.64141,-170.95824
"X-20","NBS All",,10,57343,2023,62.67471,-170.36443
"X-19","NBS All",,10,57343,2023,62.66026,-169.62538
"X-18","NBS All",,10,57343,2023,62.65724,-168.89641
"X-01","NBS All",,10,57343,2023,62.64567,-168.18579
"X-02","NBS All",,10,57343,2023,62.66226,-167.48342
"X-03","NBS All",,10,57343,2023,62.66347,-166.76395
"W-27","NBS All",,10,57343,2023,62.33486,-175.27563
"W-26","NBS All",,10,57343,2023,62.33778,-174.61426
"W-25","NBS All",,10,57343,2023,62.33246,-173.83068
"BB-19","NBS All",,10,57343,2023,63.98062,-169.77538
"BB-18","NBS All",,10,57343,2023,63.99764,-169.0628
"BB-01","NBS All",,10,57343,2023,64.0101,-168.3144
"BB-02","NBS All",,10,57343,2023,64.029,-167.56952
"BB-03","NBS All",,10,57343,2023,64.00184,-166.82331
"BB-04","NBS All",,10,57343,2023,64.0026,-166.05485
"BB-05","NBS All",,10,57343,2023,63.99324,-165.3112
"BB-06","NBS All",,10,57343,2023,64.00037,-164.56785
"BB-07","NBS All",,10,57343,2023,64.00565,-163.84167
"BB-08","NBS All",,10,57343,2023,64.02365,-163.07422
"BB-09","NBS All",,10,57343,2023,63.99807,-162.31459
"BB-10","NBS All",,10,57343,2023,64.00032,-161.56765
"AA-23","NBS All",,10,57343,2023,63.65703,-172.67364
"AA-22","NBS All",,10,57343,2023,63.53506,-171.99621
"AA-19","NBS All",,10,57343,2023,63.68538,-169.66229
"AA-18","NBS All",,10,57343,2023,63.68096,-168.96346
"AA-01","NBS All",,10,57343,2023,63.68902,-168.26882
"AA-02","NBS All",,10,57343,2023,63.66072,-167.52899
"AA-03","NBS All",,10,57343,2023,63.68053,-166.77645
"AA-04","NBS All",,10,57343,2023,63.67123,-166.10907
"AA-05","NBS All",,10,57343,2023,63.66752,-165.31999
"AA-06","NBS All",,10,57343,2023,63.66585,-164.56674
"AA-07","NBS All",,10,57343,2023,63.66746,-163.80781
"AA-08","NBS All",,10,57343,2023,63.66546,-163.05703
"CC-21","NBS All",,10,57343,2023,64.23399,-171.10594
"CC-20","NBS All",,10,57343,2023,64.28089,-170.67872
"CC-19","NBS All",,10,57343,2023,64.31672,-169.83788
"CC-18","NBS All",,10,57343,2023,64.33431,-169.09725
"CC-01","NBS All",,10,57343,2023,64.33142,-168.33443
"CC-02","NBS All",,10,57343,2023,64.33309,-167.57719
"CC-03","NBS All",,10,57343,2023,64.3544,-166.83512
"CC-04","NBS All",,10,57343,2023,64.33223,-166.02068
"CC-05","NBS All",,10,57343,2023,64.30975,-165.3226
"T-24","NBS All",,10,57343,2023,61.35936,-172.91428
"T-23","NBS All",,10,57343,2023,61.34073,-172.2068
"T-22","NBS All",,10,57343,2023,61.33845,-171.53157
"T-21","NBS All",,10,57343,2023,61.33833,-170.8397
"T-20","NBS All",,10,57343,2023,61.32798,-170.17957
"T-19","NBS All",,10,57343,2023,61.32372,-169.41532
"T-18","NBS All",,10,57343,2023,61.32006,-168.70062
"T-01","NBS All",,10,57343,2023,61.32454,-168.00391
"T-02","NBS All",,10,57343,2023,61.30953,-167.35844
"T-03","NBS All",,10,57343,2023,61.36627,-166.77383
"S-21","NBS All",,10,57343,2023,60.99964,-170.80585
"S-20","NBS All",,10,57343,2023,60.99985,-170.11507
"S-19","NBS All",,10,57343,2023,61.01061,-169.42751
"S-18","NBS All",,10,57343,2023,61.01409,-168.7449
"S-01","NBS All",,10,57343,2023,61.0056,-168.05467
"S-02","NBS All",,10,57343,2023,60.98758,-167.31958
"S-03","NBS All",,10,57343,2023,60.97929,-166.74153
"W-24","NBS All",,10,57343,2023,62.34899,-173.16048
"W-23","NBS All",,10,57343,2023,62.32609,-172.3844
"W-22","NBS All",,10,57343,2023,62.3327,-171.79744
"W-21","NBS All",,10,57343,2023,62.33985,-170.98972
"W-20","NBS All",,10,57343,2023,62.30546,-170.27634
"W-19","NBS All",,10,57343,2023,62.31809,-169.58511
"W-18","NBS All",,10,57343,2023,62.32697,-168.87471
"W-01","NBS All",,10,57343,2023,62.34149,-168.15748
"W-02","NBS All",,10,57343,2023,62.34252,-167.47154
"W-03","NBS All",,10,57343,2023,62.33807,-166.72109
"V-24","NBS All",,10,57343,2023,61.99738,-173.11302
"V-23","NBS All",,10,57343,2023,62.00663,-172.40348
"V-22","NBS All",,10,57343,2023,62.02658,-171.66618
"V-21","NBS All",,10,57343,2023,61.98069,-171.07103
"V-20","NBS All",,10,57343,2023,62.00565,-170.26964
"V-19","NBS All",,10,57343,2023,62.01771,-169.5518
"V-18","NBS All",,10,57343,2023,61.99519,-168.79878
"V-01","NBS All",,10,57343,2023,61.99972,-168.13066
"V-02","NBS All",,10,57343,2023,61.99786,-167.39539
"V-03","NBS All",,10,57343,2023,61.99935,-166.72792
"U-24","NBS All",,10,57343,2023,61.67323,-173.07778
"U-23","NBS All",,10,57343,2023,61.66467,-172.29238
"U-22","NBS All",,10,57343,2023,61.66059,-171.53327
"U-21","NBS All",,10,57343,2023,61.66118,-170.9271
"U-20","NBS All",,10,57343,2023,61.67021,-170.2141
"U-19","NBS All",,10,57343,2023,61.66749,-169.46761
"U-18","NBS All",,10,57343,2023,61.66585,-168.79037
"U-01","NBS All",,10,57343,2023,61.68086,-168.09308
"U-02","NBS All",,10,57343,2023,61.69062,-167.37308
"U-03","NBS All",,10,57343,2023,61.65732,-166.76392
"R-21","NBS All",,10,57343,2023,60.67469,-170.75394
"R-20","NBS All",,10,57343,2023,60.67186,-170.05458
"R-19","NBS All",,10,57343,2023,60.67174,-169.3688
"R-18","NBS All",,10,57343,2023,60.66512,-168.70247
"R-01","NBS All",,10,57343,2023,60.69249,-168.01277
"R-02","NBS All",,10,57343,2023,60.65398,-167.34596
"R-03","NBS All",,10,57343,2023,60.66997,-166.71915
